"スポーツ＆アウトドア ? 自転車 ? ライト・リフレクター ? テールライト","BRIDGESTONE(ブリヂストン)ソーラーテールランプSLR100NF700040DGCSLR100N","取付タイプ：ドロヨケ止め


◆支払詳細
【お支払い方法】 Yahoo!かんたん決済r【支払い代金】 落札価格 ＋ 送料
　※ 銀行振込希望の方は、Yahoo!かんたん決済の銀行振り込みをご利用ください。
　※ 直接の銀行振込みは、お断りしております。

◆発送詳細
【送料】 ★ 全国一律料金 ★
【発送までの日数】 お支払い完了後 1～2日で発送いたします。
【配送業者】 主にヤマト運輸、日本郵便、佐川急便から発送いたします。また別の業者を使うこともあります。

◆注意事項 ★必ずご確認ください★
・質問、メッセージの回答は夜になることが多いです。
・手渡しは対応しておりません。
・商品によって業者を変えるため【センター留め】【郵便局留め】は対応できません。
・領収書の同梱は対応しておりません。
・まとめて取引は、トラブルが多いためお断りしております。
・不具合以外での返品・交換は対応しておりません。
・Yahoo!かんたん決済の支払期限を過ぎた場合、落札者都合のキャンセルをいたします。","2112","2312","100","780"
"産業・研究開発用品 ? 空圧・油圧・配管 ? 継手 ? バルブ ? ボールバルブ","PORAXY内張りはがしクリップクランプツール内装剥がしセットメンテナンス用品自動車整備工具車内装 エアコン 照明器具などのパネル外しツール19点セット レッド ","♥自動車など改装に不可欠の一品：自動車の内張りやコンソールパネル、クリップ等を取り外す際に使用する、リムーバーセットです
19種の様々な形状がセットになっており、あらゆる箇所に使用可能です


♥キズをつけにくいPOM製のソフトタイプ：インパネ等の内張り素材は集中的な点の力に対して弱いので、マイナスドライバーなど鋭い金属製のもので力を加えると凹みやキズの原因になります


♥持ち運び便利：綺麗な収納できる専用ケース付属しております
持ち運びがとても便利です
どこでもいつでも利用できます
クランプツールとドライバー、ステンレスリムーバーを収納してもまだ余裕が有るのでよく使用する他の工具などを収納し持ち運ぶ事ができます


♥幅広い用途：内張りはがしは自分で愛車のデッドニングやメンテナンスを行うDIY整備士向けの専門工具としては、インパネ・スピーカー・カーオーディオ・led・ルームランプ、ドア内張りの改装・修理やドレスアップ時の内装はがしに対応できる、必要十分な19本セットです
自動車の内装はがし以外でもエアコンや照明器具、ルームランプカバー等の樹脂部品のパネルはがしにもお使いいただけます


♥ご注意：クリップクランプツールの先端部分が金属製で、いずれの場合も養生テープなどでパネルの保護をお勧めしております


◆支払詳細
【お支払い方法】 Yahoo!かんたん決済r【支払い代金】 落札価格 ＋ 送料
　※ 銀行振込希望の方は、Yahoo!かんたん決済の銀行振り込みをご利用ください。
　※ 直接の銀行振込みは、お断りしております。

◆発送詳細
【送料】 ★ 全国一律料金 ★
【発送までの日数】 お支払い完了後 1～2日で発送いたします。
【配送業者】 主にヤマト運輸、日本郵便、佐川急便から発送いたします。また別の業者を使うこともあります。

◆注意事項 ★必ずご確認ください★
・質問、メッセージの回答は夜になることが多いです。
・手渡しは対応しておりません。
・商品によって業者を変えるため【センター留め】【郵便局留め】は対応できません。
・領収書の同梱は対応しておりません。
・まとめて取引は、トラブルが多いためお断りしております。
・不具合以外での返品・交換は対応しておりません。
・Yahoo!かんたん決済の支払期限を過ぎた場合、落札者都合のキャンセルをいたします。","2199","2399","100","780"
"車＆バイク ? カーアクセサリ ? 携帯電話・スマートフォンアクセサリ ? 車載ホルダー"," 令和進化版 DesertWest車載ホルダー片手操作2in1スマホホルダー粘着ゲル吸盤 エアコン吹き出し口式兼用スマホスタンド車携帯ホルダーiphone車載ホルダー取り付け簡単360度回転伸縮アームワンタッチ手帳型ケース対応自由調節 日本語説明書付き 4-7インチ全機種対応iPhone Samsung Sony LG Huaweiなど","💌【おかげさまでベストセラーNo.1商品を獲得】Amazonランキング大賞2019年、車載ホルダー部門で新着商品第一位を獲得しました
▶【1台2役スマホ車載ホルダー】DesertWest2019年最新改良された車載スマホホルダーは吹き出し口式だけではなく、ゲル吸盤式ホルダーとして車内、オフィス、寝室、キッチンなど取り付けしたい位置に簡単装着できてご愛用頂けます
また、超強力真空吸盤と三角構造を採用しているので運転中にひどく揺れてもしっかり固定できてスマホの落下にもう心配いりません！


🚙【ワンタッチで片手操作・安定感抜群】側面のボタン一つで取り付けや取り外しが簡単に出来るワンタッチ式タイプとなります
このボタンを押すことにより、わずか0.1秒でスマホを挟むためのアームが自動に開きます
再度ボタンを押さない限り勝手に開くことはありません
重力、電動、磁石式ホルダーと違い、しっかりホールドしているので手帳型ケースをつけたままでも安定感がたっぷりです


🚙【360度回転＆伸縮アーム】360度回転できるボールジョイント(DWJoint)を採用、横でも縦でもスマホを自由に操作できます
また、最適な視野角を得るためにアームが最大18cmまで伸縮可能に改良されて、ダッシュボードから更に離れた位置でも簡単にスマホを操作することが実現されました
そして、スマホを充電しながらカーマウントとしても使えるため、Googleマップ等の地図アプリをナビとして使用する際はバッテリーの残量を気にせず快適にドライブ出来ます


🚙【超強力真空吸盤・吸着力何回でも復活】改良された真空ゲル吸盤(耐荷重13kg、従来型の10倍以上)は2-Stepロッキング設計により、真空を作って隙間なく粘着し安定性と利便性をさらにアップさせました
付属の超粘着性のあるダッシュボードシートで、多少凹凸のあるところにも問題なく吸盤を装着できます
また、吸盤が汚れて吸着力が弱くなったら、ぬるま湯で洗い乾かれば吸着力は何回でも復活し繰り返し利用可能です
他社製品と圧倒的な違いをご体感してください


【多機種対応】iPhone11ProMax/11Pro/11/XSMax/XR/X/8Plus/8/7Plus/7/SE2またはSAMSUNGGalaxyS9/S9Plus/Note8/S8/S8Plus/Sony/Huawei/GooglePixelなど4-7インチあらゆる機種に対応できます！


◆支払詳細
【お支払い方法】 Yahoo!かんたん決済r【支払い代金】 落札価格 ＋ 送料
　※ 銀行振込希望の方は、Yahoo!かんたん決済の銀行振り込みをご利用ください。
　※ 直接の銀行振込みは、お断りしております。

◆発送詳細
【送料】 ★ 全国一律料金 ★
【発送までの日数】 お支払い完了後 1～2日で発送いたします。
【配送業者】 主にヤマト運輸、日本郵便、佐川急便から発送いたします。また別の業者を使うこともあります。

◆注意事項 ★必ずご確認ください★
・質問、メッセージの回答は夜になることが多いです。
・手渡しは対応しておりません。
・商品によって業者を変えるため【センター留め】【郵便局留め】は対応できません。
・領収書の同梱は対応しておりません。
・まとめて取引は、トラブルが多いためお断りしております。
・不具合以外での返品・交換は対応しておりません。
・Yahoo!かんたん決済の支払期限を過ぎた場合、落札者都合のキャンセルをいたします。","2499","2699","100","780"
"車＆バイク ? カーパーツ ? ライト・ランプ ? ヘッドライト ? LEDバルブ","Autofeel  ヘッドライトLEDH46500K8000LMDC9V-32VLumileds社製LEDチップ搭載モデル5年","仕様1:H4/6500K/8000LM/DC9V-32V/25W*2


仕様2:防水等級-IP65/放熱フィン-アルミヒートシンク/放熱ファン-ファンレスタイプ


特徴1:Lumileds社製CSPLEDチップ搭載モデル


特徴3:日本語マニュアル付き


◆支払詳細
【お支払い方法】 Yahoo!かんたん決済r【支払い代金】 落札価格 ＋ 送料
　※ 銀行振込希望の方は、Yahoo!かんたん決済の銀行振り込みをご利用ください。
　※ 直接の銀行振込みは、お断りしております。

◆発送詳細
【送料】 ★ 全国一律料金 ★
【発送までの日数】 お支払い完了後 1～2日で発送いたします。
【配送業者】 主にヤマト運輸、日本郵便、佐川急便から発送いたします。また別の業者を使うこともあります。

◆注意事項 ★必ずご確認ください★
・質問、メッセージの回答は夜になることが多いです。
・手渡しは対応しておりません。
・商品によって業者を変えるため【センター留め】【郵便局留め】は対応できません。
・領収書の同梱は対応しておりません。
・まとめて取引は、トラブルが多いためお断りしております。
・不具合以外での返品・交換は対応しておりません。
・Yahoo!かんたん決済の支払期限を過ぎた場合、落札者都合のキャンセルをいたします。","3235","3435","100","780"
"おもちゃ ? 電車・ミニカー・乗り物 ? 電車 ? 車両","プラレール連結部品 2両目動力車用 ","プラレール（2両目動力車）用の連結部品（フックタイプ大2個・Hタイプ2個・リングタイプ2個・フックタイプ2個）のセットです


主な対象商品:S-53C571号機SLやまぐち号　TS-13プラレールエミリー　TS-14プラレールハーヴィー　TS-15プラレールスティーブンなど


◆支払詳細
【お支払い方法】 Yahoo!かんたん決済r【支払い代金】 落札価格 ＋ 送料
　※ 銀行振込希望の方は、Yahoo!かんたん決済の銀行振り込みをご利用ください。
　※ 直接の銀行振込みは、お断りしております。

◆発送詳細
【送料】 ★ 全国一律料金 ★
【発送までの日数】 お支払い完了後 1～2日で発送いたします。
【配送業者】 主にヤマト運輸、日本郵便、佐川急便から発送いたします。また別の業者を使うこともあります。

◆注意事項 ★必ずご確認ください★
・質問、メッセージの回答は夜になることが多いです。
・手渡しは対応しておりません。
・商品によって業者を変えるため【センター留め】【郵便局留め】は対応できません。
・領収書の同梱は対応しておりません。
・まとめて取引は、トラブルが多いためお断りしております。
・不具合以外での返品・交換は対応しておりません。
・Yahoo!かんたん決済の支払期限を過ぎた場合、落札者都合のキャンセルをいたします。","740","940","100","780"
"車＆バイク ? エンジンオイル・オイルフィルター ? 車用エンジンオイル","カストロールエンジンオイルEDGE5W-404L4輪ガソリン ディーゼル車両用全合成油SNCastrol","厳しい環境下においても優れた性能を発揮する高温粘度特性に優れた高性能エンジンオイル


優れた高温酸化安定性により、高回転・高負荷連続走行時のエンジンオイルの劣化を抑えます
●長期間にわたり最高のエンジンパフォーマンスを引き出します
●エンジンの性能をフルに引き出すためにエンジン効率を改善します


ハイパワーエンジン車推奨●フォルクスワーゲンVW50200/50500●メルセデスベンツMB-Approval229.3/229.5●ポルシェPorcheA40


APISN●ACEAA3/B4●SAE5W-40●全合成油●4輪車用ガソリン・ディーゼルエンジン両用


◆支払詳細
【お支払い方法】 Yahoo!かんたん決済r【支払い代金】 落札価格 ＋ 送料
　※ 銀行振込希望の方は、Yahoo!かんたん決済の銀行振り込みをご利用ください。
　※ 直接の銀行振込みは、お断りしております。

◆発送詳細
【送料】 ★ 全国一律料金 ★
【発送までの日数】 お支払い完了後 1～2日で発送いたします。
【配送業者】 主にヤマト運輸、日本郵便、佐川急便から発送いたします。また別の業者を使うこともあります。

◆注意事項 ★必ずご確認ください★
・質問、メッセージの回答は夜になることが多いです。
・手渡しは対応しておりません。
・商品によって業者を変えるため【センター留め】【郵便局留め】は対応できません。
・領収書の同梱は対応しておりません。
・まとめて取引は、トラブルが多いためお断りしております。
・不具合以外での返品・交換は対応しておりません。
・Yahoo!かんたん決済の支払期限を過ぎた場合、落札者都合のキャンセルをいたします。","3332","3532","100","780"
"車＆バイク ? 洗車・工具・メンテナンス用品 ? 自動車整備工具 ? 内張りはがし・クリップクランプツール","CookieBread内装剥がし内張り剥がしパネルはがし脱着工具クリップクランプツール19点セットブルー","

広用範囲：自動車の内装、外装の各部やセンターコンソール・オーディオ/カーナビ/F/Rバンパーなどの脱着の専用工具です
自動車以外でもエアコン、照明器具のパネル、ルームランプカバー等の樹脂部品の取り外しにもお使いいただけます


メリット：自給の潤滑性が高い、耐疲労性もよくて、優れた磨耗性もあり、高温下に耐える耐クリープ性を持っています
それに電気絶縁性もあったもですが、電子機器関連のパーツ、カバー類など使用には最適です


持ち運び便利：専用収納ケースを付属しております
持ち運びが簡単で便利です
どこでもいつでも利用できます
クランプツールとドライバー、ステンレスリムーバーを収納してもまだ余裕が有るのでよく使用する他の工具などを収納し持ち運ぶ事ができます


注意事項：内装剥がしは握りやすい肉厚設計です
クリップクランプツールの先端部分は金属製です
キズをつけにくい樹脂製ですがそれでも養生テープなどでキズを防止する事をお薦めします


◆支払詳細
【お支払い方法】 Yahoo!かんたん決済r【支払い代金】 落札価格 ＋ 送料
　※ 銀行振込希望の方は、Yahoo!かんたん決済の銀行振り込みをご利用ください。
　※ 直接の銀行振込みは、お断りしております。

◆発送詳細
【送料】 ★ 全国一律料金 ★
【発送までの日数】 お支払い完了後 1～2日で発送いたします。
【配送業者】 主にヤマト運輸、日本郵便、佐川急便から発送いたします。また別の業者を使うこともあります。

◆注意事項 ★必ずご確認ください★
・質問、メッセージの回答は夜になることが多いです。
・手渡しは対応しておりません。
・商品によって業者を変えるため【センター留め】【郵便局留め】は対応できません。
・領収書の同梱は対応しておりません。
・まとめて取引は、トラブルが多いためお断りしております。
・不具合以外での返品・交換は対応しておりません。
・Yahoo!かんたん決済の支払期限を過ぎた場合、落札者都合のキャンセルをいたします。","2099","2299","16","780"
"車＆バイク ? カーパーツ ? 内装パーツ ? シフトレバー","トヨタ自動車(TOYOTA) 国内純正部品 200系ハイエースROOMスイッチルームランプ4型S-GLDX標準ワイドH25.12～","正規国内トヨタ純正部品なので品質とフィッティングは抜群です！


◆平成25年(2013年)12月からのハイエース200系4型スーパーGL用の新品ルームランプスイッチです
◆一部装着不可のグレードがございます
◆エアコンパネルの不要な蓋を外してハメ込むだけで装着可能です


◆リアのルームランプのオン・オフが運転席で操作できるようになりとても便利です
◆スモールライトでスイッチの文字部分が発光しますので夜間の視認性にも優れています


【適合車種】・メーカー：トヨタ・車種：ハイエース・型式：200系4型・年式：H25.12～




◆支払詳細
【お支払い方法】 Yahoo!かんたん決済r【支払い代金】 落札価格 ＋ 送料
　※ 銀行振込希望の方は、Yahoo!かんたん決済の銀行振り込みをご利用ください。
　※ 直接の銀行振込みは、お断りしております。

◆発送詳細
【送料】 ★ 全国一律料金 ★
【発送までの日数】 お支払い完了後 1～2日で発送いたします。
【配送業者】 主にヤマト運輸、日本郵便、佐川急便から発送いたします。また別の業者を使うこともあります。

◆注意事項 ★必ずご確認ください★
・質問、メッセージの回答は夜になることが多いです。
・手渡しは対応しておりません。
・商品によって業者を変えるため【センター留め】【郵便局留め】は対応できません。
・領収書の同梱は対応しておりません。
・まとめて取引は、トラブルが多いためお断りしております。
・不具合以外での返品・交換は対応しておりません。
・Yahoo!かんたん決済の支払期限を過ぎた場合、落札者都合のキャンセルをいたします。","3416","3616","100","780"
"車＆バイク ? カーアクセサリ ? シートカバー","ボンフォームシートカバーファインテックス軽 普通車用フロント1枚防水取付簡単丸洗いOKフロント1席ベージュ4361-10BE","キズや汚れに強い防水シートカバー


材質・素材:(表地)ポリエステル100%※裏面PVCコーティング


防水生地を採用
ヘッドレストまですっぽりくるむ取付け簡単シートカバー
ほとんどの車に装着可能


※本革や合成皮革のシートでは、使用状況、使用環境によりシート本体を傷める可能性があります


適合:軽・普通車/フロント1席


重量(kg):0.46


◆支払詳細
【お支払い方法】 Yahoo!かんたん決済r【支払い代金】 落札価格 ＋ 送料
　※ 銀行振込希望の方は、Yahoo!かんたん決済の銀行振り込みをご利用ください。
　※ 直接の銀行振込みは、お断りしております。

◆発送詳細
【送料】 ★ 全国一律料金 ★
【発送までの日数】 お支払い完了後 1～2日で発送いたします。
【配送業者】 主にヤマト運輸、日本郵便、佐川急便から発送いたします。また別の業者を使うこともあります。

◆注意事項 ★必ずご確認ください★
・質問、メッセージの回答は夜になることが多いです。
・手渡しは対応しておりません。
・商品によって業者を変えるため【センター留め】【郵便局留め】は対応できません。
・領収書の同梱は対応しておりません。
・まとめて取引は、トラブルが多いためお断りしております。
・不具合以外での返品・交換は対応しておりません。
・Yahoo!かんたん決済の支払期限を過ぎた場合、落札者都合のキャンセルをいたします。","1036","1236","100","780"
"スポーツ＆アウトドア ? 自転車 ? 自転車パーツ ? ステム","ZHIQIU自転車ステム 自転車用ハンドルステム クランプ径28.6mm マウンテンバイク ロードバイク クロスバイク対応可能 ブラック0～80度調整可能自転車ステム コラム 特徴 角度0～80度調整可能 長さ90mmと110ｍｍ マウンテンバイク ロードバイク クロスバイクに適応","6061アルミニウム合金３D-CNC鍛造（ダイカストの製品より、高密度で軽量）


４つのステンレス製のネジで固定され、更に安全になる（取付道具：六角レンチ付き）


０～80度調整可能、走行中の快適さを一層実感できる


コラム径28.6mm、ハンドル直径25.4ｍｍ、31.8ｍｍのバイクに適応




◆支払詳細
【お支払い方法】 Yahoo!かんたん決済r【支払い代金】 落札価格 ＋ 送料
　※ 銀行振込希望の方は、Yahoo!かんたん決済の銀行振り込みをご利用ください。
　※ 直接の銀行振込みは、お断りしております。

◆発送詳細
【送料】 ★ 全国一律料金 ★
【発送までの日数】 お支払い完了後 1～2日で発送いたします。
【配送業者】 主にヤマト運輸、日本郵便、佐川急便から発送いたします。また別の業者を使うこともあります。

◆注意事項 ★必ずご確認ください★
・質問、メッセージの回答は夜になることが多いです。
・手渡しは対応しておりません。
・商品によって業者を変えるため【センター留め】【郵便局留め】は対応できません。
・領収書の同梱は対応しておりません。
・まとめて取引は、トラブルが多いためお断りしております。
・不具合以外での返品・交換は対応しておりません。
・Yahoo!かんたん決済の支払期限を過ぎた場合、落札者都合のキャンセルをいたします。","2398","2598","100","780"
"ホーム＆キッチン ? 家電 ? 生活家電 ? 温水洗浄便座","東芝温水洗浄便座クリーンウォッシュパステルアイボリーSCS-T160 オート脱臭 ","修理依頼品は、ヤマト運輸のセールスドライバーが無料にて引き取りに伺います
サイズ:幅489×奥行543×高さ158mm・本体重量:4.1kg


電源:AC100V50/60Hz共用


定格消費電力:662W(本体:600W便座50W)/年間消費電力量:152kWh/年(215kWh/年)


温風乾燥:なし/貯湯式


使用可能給水圧力:0.07~0.75Mpa


着座検知:赤外線検知式




水勢調節:おしり、ビデ各4段階調節
温度調節:3段階調節(約34℃~40℃*2)、およびヒーター「切」
◆支払詳細
【お支払い方法】 Yahoo!かんたん決済r【支払い代金】 落札価格 ＋ 送料
　※ 銀行振込希望の方は、Yahoo!かんたん決済の銀行振り込みをご利用ください。
　※ 直接の銀行振込みは、お断りしております。

◆発送詳細
【送料】 ★ 全国一律料金 ★
【発送までの日数】 お支払い完了後 1～2日で発送いたします。
【配送業者】 主にヤマト運輸、日本郵便、佐川急便から発送いたします。また別の業者を使うこともあります。

◆注意事項 ★必ずご確認ください★
・質問、メッセージの回答は夜になることが多いです。
・手渡しは対応しておりません。
・商品によって業者を変えるため【センター留め】【郵便局留め】は対応できません。
・領収書の同梱は対応しておりません。
・まとめて取引は、トラブルが多いためお断りしております。
・不具合以外での返品・交換は対応しておりません。
・Yahoo!かんたん決済の支払期限を過ぎた場合、落札者都合のキャンセルをいたします。","14339","14539","14","780"
"車＆バイク ? カーナビ・カーエレクトロニクス ? カーナビ本体 ? オーディオ一体型ナビ","パナソニックカーナビストラーダCN-RE05WDフルセグ VICSWIDE SD CD DVD USB Bluetooth7V型ワイドCN-RE05WD","修理依頼品は、ヤマト運輸のセールスドライバーが無料にて引き取りに伺います
メモリー:16GB


画面寸法:7V型ワイド(157mm×82mm×177mm)


ナビゲーションユニット[外形寸法:205mm×104mm×177mm(取付奥行き寸法161mm)、質量:約2.5kg]


画素数:1,152,000画素(縦480×横800×3)


タッチパネル:抵抗感圧式アナログタイプ(フィルム+ガラス)


電源電圧:DC12V(試験電圧13.2V)マイナスアース、消費電流:2.0A以下(AUDIOOFF時)


panasonic製【カーナビ連動専用】ドライブレコーダーCA-DR02SDが対応


◆支払詳細
【お支払い方法】 Yahoo!かんたん決済r【支払い代金】 落札価格 ＋ 送料
　※ 銀行振込希望の方は、Yahoo!かんたん決済の銀行振り込みをご利用ください。
　※ 直接の銀行振込みは、お断りしております。

◆発送詳細
【送料】 ★ 全国一律料金 ★
【発送までの日数】 お支払い完了後 1～2日で発送いたします。
【配送業者】 主にヤマト運輸、日本郵便、佐川急便から発送いたします。また別の業者を使うこともあります。

◆注意事項 ★必ずご確認ください★
・質問、メッセージの回答は夜になることが多いです。
・手渡しは対応しておりません。
・商品によって業者を変えるため【センター留め】【郵便局留め】は対応できません。
・領収書の同梱は対応しておりません。
・まとめて取引は、トラブルが多いためお断りしております。
・不具合以外での返品・交換は対応しておりません。
・Yahoo!かんたん決済の支払期限を過ぎた場合、落札者都合のキャンセルをいたします。","53900","54100","100","780"
"車＆バイク ? カーパーツ ? 外装・エアロパーツ ? ホーン","トヨタ純正部品レクサスLS600 600HLハイピッチドホーン ローピッチド純正ホーンセットLowHiセット","品番:86520-30610×186510-30700×1


◆支払詳細
【お支払い方法】 Yahoo!かんたん決済r【支払い代金】 落札価格 ＋ 送料
　※ 銀行振込希望の方は、Yahoo!かんたん決済の銀行振り込みをご利用ください。
　※ 直接の銀行振込みは、お断りしております。

◆発送詳細
【送料】 ★ 全国一律料金 ★
【発送までの日数】 お支払い完了後 1～2日で発送いたします。
【配送業者】 主にヤマト運輸、日本郵便、佐川急便から発送いたします。また別の業者を使うこともあります。

◆注意事項 ★必ずご確認ください★
・質問、メッセージの回答は夜になることが多いです。
・手渡しは対応しておりません。
・商品によって業者を変えるため【センター留め】【郵便局留め】は対応できません。
・領収書の同梱は対応しておりません。
・まとめて取引は、トラブルが多いためお断りしております。
・不具合以外での返品・交換は対応しておりません。
・Yahoo!かんたん決済の支払期限を過ぎた場合、落札者都合のキャンセルをいたします。","4938","5138","100","780"
"車＆バイク ? エンジンオイル・オイルフィルター ? バイク用エンジンオイル","カストロールエンジンオイルPOWER14T15W-504L二輪車4サイクルエンジン用部分合成油MACastrol","始動直後から力強いライディングを実現


力強いライディングのために開発された高品質のこのオイルは、フリクションを低減し、エンジン内部の摩耗を抑制します
●アクセルを開けたその瞬間から進化した加速性能を発揮します
●4サイクルバイクに適した、長距離ツーリングライダーにおすすめです


推奨4サイクルエンジン車


JASOMA●SAE15W-50●部分合成油●2輪車用4サイクルエンジン専用


2サイクルエンジンには使用できません


◆支払詳細
【お支払い方法】 Yahoo!かんたん決済r【支払い代金】 落札価格 ＋ 送料
　※ 銀行振込希望の方は、Yahoo!かんたん決済の銀行振り込みをご利用ください。
　※ 直接の銀行振込みは、お断りしております。

◆発送詳細
【送料】 ★ 全国一律料金 ★
【発送までの日数】 お支払い完了後 1～2日で発送いたします。
【配送業者】 主にヤマト運輸、日本郵便、佐川急便から発送いたします。また別の業者を使うこともあります。

◆注意事項 ★必ずご確認ください★
・質問、メッセージの回答は夜になることが多いです。
・手渡しは対応しておりません。
・商品によって業者を変えるため【センター留め】【郵便局留め】は対応できません。
・領収書の同梱は対応しておりません。
・まとめて取引は、トラブルが多いためお断りしております。
・不具合以外での返品・交換は対応しておりません。
・Yahoo!かんたん決済の支払期限を過ぎた場合、落札者都合のキャンセルをいたします。","2625","2825","100","780"
"車＆バイク ? バッテリー ? カーバッテリー","Panasonic(パナソニック)国産車バッテリーBlueBatteryカオス標準車(充電制御車)用N-60B19L C7","[5時間率容量]36(Ah)[サイズ]総高さ227㎜箱高さ202㎜幅127㎜長さ187㎜液入り重量約9.4㎏[液栓]フラット[取っ手]樹脂取っ手


[適合バッテリー]24B19L/28B19L/36B19L/38B19L/40B19L/42B19L/44B19L/46B19L/55B19L/60B19L


◆支払詳細
【お支払い方法】 Yahoo!かんたん決済r【支払い代金】 落札価格 ＋ 送料
　※ 銀行振込希望の方は、Yahoo!かんたん決済の銀行振り込みをご利用ください。
　※ 直接の銀行振込みは、お断りしております。

◆発送詳細
【送料】 ★ 全国一律料金 ★
【発送までの日数】 お支払い完了後 1～2日で発送いたします。
【配送業者】 主にヤマト運輸、日本郵便、佐川急便から発送いたします。また別の業者を使うこともあります。

◆注意事項 ★必ずご確認ください★
・質問、メッセージの回答は夜になることが多いです。
・手渡しは対応しておりません。
・商品によって業者を変えるため【センター留め】【郵便局留め】は対応できません。
・領収書の同梱は対応しておりません。
・まとめて取引は、トラブルが多いためお断りしております。
・不具合以外での返品・交換は対応しておりません。
・Yahoo!かんたん決済の支払期限を過ぎた場合、落札者都合のキャンセルをいたします。","4786","4986","100","780"
"家電＆カメラ ? カメラ ? 双眼鏡・望遠鏡・光学機器 ? ルーペ","Qiilu検査鏡インスペクションミラー検査ミラー伸縮式(红套柄式50X600mm)","これらの検査用ミラーは、長寿命のために高品質のステンレス鋼とガラスで作られています


スイベルボールジョイントに取り付けられた直径30mmまたは50mmのミラーで、360度の角度で見ることができます


ミラーシャフトは調節可能で、最大長は最大600mm程度です


車のそれらの隠された部分を見てください：部品番号、タイミングマーク、厄介なナット、重要な失われた部品などを見つける


家庭用、電子機器用、ワークショップ用


◆支払詳細
【お支払い方法】 Yahoo!かんたん決済r【支払い代金】 落札価格 ＋ 送料
　※ 銀行振込希望の方は、Yahoo!かんたん決済の銀行振り込みをご利用ください。
　※ 直接の銀行振込みは、お断りしております。

◆発送詳細
【送料】 ★ 全国一律料金 ★
【発送までの日数】 お支払い完了後 1～2日で発送いたします。
【配送業者】 主にヤマト運輸、日本郵便、佐川急便から発送いたします。また別の業者を使うこともあります。

◆注意事項 ★必ずご確認ください★
・質問、メッセージの回答は夜になることが多いです。
・手渡しは対応しておりません。
・商品によって業者を変えるため【センター留め】【郵便局留め】は対応できません。
・領収書の同梱は対応しておりません。
・まとめて取引は、トラブルが多いためお断りしております。
・不具合以外での返品・交換は対応しておりません。
・Yahoo!かんたん決済の支払期限を過ぎた場合、落札者都合のキャンセルをいたします。","1642","1842","11","780"
"車＆バイク ? カーナビ・カーエレクトロニクス ? カーオーディオ ? プレーヤー・レシーバー","カロッツェリア(パイオニア)カーオーディオAppleCarPlayAndroidAuto™対応2DINCD DVD USB BluetoothFH-9400DVS","修理依頼品は、ヤマト運輸のセールスドライバーが無料にて引き取りに伺います
「AppleCarPlay」「AndroidAuto」にも対応したディスプレイオーディオのフラッグシップモデル


多彩なメディア/フォーマット対応で車室内での楽しみが広がります


7V型ワイドVGAディスプレイ


DVD/CD/Bluetooth/USB/AUX/FM・AMチューナー


対応インチ:180mm2DINサイズ




画素数:1209600画素[2520×480]/バックライト:LED


取付寸法:178mm(W)×100mm(H)×164mm(D)/質量:1.8kg


◆支払詳細
【お支払い方法】 Yahoo!かんたん決済r【支払い代金】 落札価格 ＋ 送料
　※ 銀行振込希望の方は、Yahoo!かんたん決済の銀行振り込みをご利用ください。
　※ 直接の銀行振込みは、お断りしております。

◆発送詳細
【送料】 ★ 全国一律料金 ★
【発送までの日数】 お支払い完了後 1～2日で発送いたします。
【配送業者】 主にヤマト運輸、日本郵便、佐川急便から発送いたします。また別の業者を使うこともあります。

◆注意事項 ★必ずご確認ください★
・質問、メッセージの回答は夜になることが多いです。
・手渡しは対応しておりません。
・商品によって業者を変えるため【センター留め】【郵便局留め】は対応できません。
・領収書の同梱は対応しておりません。
・まとめて取引は、トラブルが多いためお断りしております。
・不具合以外での返品・交換は対応しておりません。
・Yahoo!かんたん決済の支払期限を過ぎた場合、落札者都合のキャンセルをいたします。","39885","40085","100","780"
"車＆バイク ? 洗車・工具・メンテナンス用品 ? 自動車整備工具 ? 内張りはがし・クリップクランプツール","CAMORF内張りはがしセットうちばりはがし 改良版 内装剥がしパネルはがし樹脂製車内張りはがし工具脱着工具車メンテナンス家具パネルにも対応内張り剥がし7点+クリップクランプツール ブルー 8点セットパワーシード配線ガイド付き＋収納袋","【様々な適用範囲】自動車のDIY・改造・内装・外装のドライブレコーダー、ナビ、オーディオレス取り付けなどに最適
【配線ガイド付き】配線ガイドは約1.2Mです、フレックス性が優れたワイヤーの素材を採用されているので、耐久性が良くて、折れにくい、ETCやドライブレコーダー、バックモニター、バックカメラを取り付けて配線を通す時、とても便利です


【クリップクランプツール】頑丈な金属製のクリップクランプツールは狭い部分にも入り込みやすい角度と形状で、奥まった所にあるクリップやピン外しに便利です
作業中は傷がつかないように、マスキングテープで保護することをお勧めします


【優れた磨耗性素材】パネル外しの素材はPOM樹脂（ポリアセタール）を使用しており、機械的強度に優れ、耐摩耗性、摺動性が良く、高い結晶性で力を込めても簡単には曲がったり折れたりしない内装はがしです


【デザイン・収納便利】ハンディリムーバーは手握りにフィット、デザインされた形状です、とても握り心地が良いです
日常生活では超重要アイテムです




◆支払詳細
【お支払い方法】 Yahoo!かんたん決済r【支払い代金】 落札価格 ＋ 送料
　※ 銀行振込希望の方は、Yahoo!かんたん決済の銀行振り込みをご利用ください。
　※ 直接の銀行振込みは、お断りしております。

◆発送詳細
【送料】 ★ 全国一律料金 ★
【発送までの日数】 お支払い完了後 1～2日で発送いたします。
【配送業者】 主にヤマト運輸、日本郵便、佐川急便から発送いたします。また別の業者を使うこともあります。

◆注意事項 ★必ずご確認ください★
・質問、メッセージの回答は夜になることが多いです。
・手渡しは対応しておりません。
・商品によって業者を変えるため【センター留め】【郵便局留め】は対応できません。
・領収書の同梱は対応しておりません。
・まとめて取引は、トラブルが多いためお断りしております。
・不具合以外での返品・交換は対応しておりません。
・Yahoo!かんたん決済の支払期限を過ぎた場合、落札者都合のキャンセルをいたします。","1499","1699","100","780"
"車＆バイク ? カーナビ・カーエレクトロニクス ? カーナビ本体 ? ポータブルナビ・PND","パナソニックポータブルカーナビゴリラCN-G530D5インチワンセグSSD16GBバッテリー内蔵PND2019年モデルCN-G530D","修理依頼品は、ヤマト運輸のセールスドライバーが無料にて引き取りに伺います
【液晶ディスプレイ】5V型ワイド(108mmx65mm)、【テレビチューナー】ワンセグ、【画素数】1,152,000画素(横800×縦480×3)


【使用光源】LEDバックライト、【収録地図】2018年12月版


【電源電圧】DC5V(シガーライターコード使用時)


【外形寸法(幅×高さ×奥行き)】129mm×86mm×17.8mm、【質量】約200g


ゴリラは高速道路の逆走検知警告を業界で初めて搭載


◆支払詳細
【お支払い方法】 Yahoo!かんたん決済r【支払い代金】 落札価格 ＋ 送料
　※ 銀行振込希望の方は、Yahoo!かんたん決済の銀行振り込みをご利用ください。
　※ 直接の銀行振込みは、お断りしております。

◆発送詳細
【送料】 ★ 全国一律料金 ★
【発送までの日数】 お支払い完了後 1～2日で発送いたします。
【配送業者】 主にヤマト運輸、日本郵便、佐川急便から発送いたします。また別の業者を使うこともあります。

◆注意事項 ★必ずご確認ください★
・質問、メッセージの回答は夜になることが多いです。
・手渡しは対応しておりません。
・商品によって業者を変えるため【センター留め】【郵便局留め】は対応できません。
・領収書の同梱は対応しておりません。
・まとめて取引は、トラブルが多いためお断りしております。
・不具合以外での返品・交換は対応しておりません。
・Yahoo!かんたん決済の支払期限を過ぎた場合、落札者都合のキャンセルをいたします。","25100","25300","100","780"
"おもちゃ ? ブロック","レゴ(LEGO)クラシック黄色のアイデアボックススペシャル10698","33色の基本的なレゴ(R)ブロックで想像の世界を組み立てよう!


8種類の窓とドア、2つのグリーンベースプレート、6本のタイヤとホイールリムが含まれています


グリーンベースプレートは、長さ6インチ、幅6インチ、長さ4インチ、長さ2インチです


レゴクラシックのセットは他のレゴの全ての組み立てセットと互換性があります


790ピース(4歳〜99歳の男の子女の子用)


収納ボックスがついています


◆支払詳細
【お支払い方法】 Yahoo!かんたん決済r【支払い代金】 落札価格 ＋ 送料
　※ 銀行振込希望の方は、Yahoo!かんたん決済の銀行振り込みをご利用ください。
　※ 直接の銀行振込みは、お断りしております。

◆発送詳細
【送料】 ★ 全国一律料金 ★
【発送までの日数】 お支払い完了後 1～2日で発送いたします。
【配送業者】 主にヤマト運輸、日本郵便、佐川急便から発送いたします。また別の業者を使うこともあります。

◆注意事項 ★必ずご確認ください★
・質問、メッセージの回答は夜になることが多いです。
・手渡しは対応しておりません。
・商品によって業者を変えるため【センター留め】【郵便局留め】は対応できません。
・領収書の同梱は対応しておりません。
・まとめて取引は、トラブルが多いためお断りしております。
・不具合以外での返品・交換は対応しておりません。
・Yahoo!かんたん決済の支払期限を過ぎた場合、落札者都合のキャンセルをいたします。","4945","5145","100","780"
"車＆バイク ? エンジンオイル・オイルフィルター ? 添加剤","ワコーズF-1フューエルワンガソリン(2サイクル 4サイクル) ディーゼル兼用洗浄系燃料添加剤200mlF101","200ml


フューエルワンF112の後継モデルです


危険物第4類第3石油類(非水溶性)危険等級III燃料20~60Lに1本を使用
燃料が20L未満の場合は1%を超えないように添加してください


【用途・用法】《内燃機関用燃料系統の清浄・防錆・潤滑剤》●ガソリン(2サイクル・4サイクル)・ディーゼル兼用燃料添加剤●ハイブリッド・PHEV車などにも使用できます


経年車や初めて清浄剤を使用される車両には2回連続使用がさらに効果的です


燃料20~60Lに1本を目安に燃料タンクに注入して下さい


20L未満に使用する場合には1%を超えないように添加してください


◆支払詳細
【お支払い方法】 Yahoo!かんたん決済r【支払い代金】 落札価格 ＋ 送料
　※ 銀行振込希望の方は、Yahoo!かんたん決済の銀行振り込みをご利用ください。
　※ 直接の銀行振込みは、お断りしております。

◆発送詳細
【送料】 ★ 全国一律料金 ★
【発送までの日数】 お支払い完了後 1～2日で発送いたします。
【配送業者】 主にヤマト運輸、日本郵便、佐川急便から発送いたします。また別の業者を使うこともあります。

◆注意事項 ★必ずご確認ください★
・質問、メッセージの回答は夜になることが多いです。
・手渡しは対応しておりません。
・商品によって業者を変えるため【センター留め】【郵便局留め】は対応できません。
・領収書の同梱は対応しておりません。
・まとめて取引は、トラブルが多いためお断りしております。
・不具合以外での返品・交換は対応しておりません。
・Yahoo!かんたん決済の支払期限を過ぎた場合、落札者都合のキャンセルをいたします。","1700","1900","100","780"
"車＆バイク ? バイクパーツ ? バイク用ライト・ランプ ? ライトバルブ"," 最新業界初モデル LIMEYバイク用ledヘッドライトH4Hi Lo新車検対応両面発光30W6000LM驚異の純正ハロゲンサイズ登場高品質PHILIPSZESチップ搭載12V車対応(ハイブリッド車 EV車対応)ホワイト6500K1年日本語取説書付1個入-L9H4B","簡単ポン付けで装着が更に楽になりました
本体の台座前にファンを搭載する事でライト内排気循環効率、耐久性が抜群に向上しました
しかも、ハロゲンよりも５０％省エネなのに４００％明るさＵＰ！もちろん品質は最高品質PhilipsZESチップを採用していますので長寿命、放熱性、省電力効果抜群の逸品です


✅【直流・交流対応】AC9.8Ｖ-12Vにも対応しておりますが、一部の車種ではマイナス側の交流を使っていたり、12V車でも直流変換しても電圧が通常より高い車種もございますので、車両のアイドリングや高回転時の電圧をご確認頂きご使用ください
バルブに負荷がかかり耐久性などバルブの寿命が短くなる恐れがございます
乗り方の問題もあると思われますが、過去のケースでは、クロスカブ、スーパーカブ、ベンリー110、KSR、セローでのご使用は推奨致しておりません


✅【新車検対応】車検新基準、すれ違い用前照灯（ロービーム）に対応しています
　※ご注意※　本品は汎用品の為、車種側のリフレクターに依存する形となりますので、照射の形状は車種により異なる場合がございます
また、車検に関しては、地域により検査員の基準が異なる場合がございます


✅【光軸調整フリー】純正フィラメントと同位置での発光を実現していますので、H4はバルブでの光軸調整は不要です
切れのいいカットライン、HIDより瞬時に立ち上がり、明るく、快適、安全なドライビングをお楽しみください
面倒な光軸調整、固定工具作業等は必要ございません
　※ご注意※ハロゲンを極力再現した汎用バルブになります
H4タイプですが汎用品の為、全車種完全対応ではございません
H4は、光軸フリーの為、装着は車両側に依存する形となります
その為、一部の車種では留め具の金具が止まりにくい、バルブの傾きや台座を削るといった加工が必要になる場合がございます
照射についても、車両側のリフレクターの反射位置に依存するため、一部の車種では光軸や配光が合わない場合がございます
（その際は、車両側での調整が必要になります）


その際は、LEDヘッドライト専用インジケーター不点灯防止ユニット（キャンセラー）をご利用ください
針金固定のピンタイプは適応（一部装着不可）、バネ式のカバー固定タイプは装着不可


◆支払詳細
【お支払い方法】 Yahoo!かんたん決済r【支払い代金】 落札価格 ＋ 送料
　※ 銀行振込希望の方は、Yahoo!かんたん決済の銀行振り込みをご利用ください。
　※ 直接の銀行振込みは、お断りしております。

◆発送詳細
【送料】 ★ 全国一律料金 ★
【発送までの日数】 お支払い完了後 1～2日で発送いたします。
【配送業者】 主にヤマト運輸、日本郵便、佐川急便から発送いたします。また別の業者を使うこともあります。

◆注意事項 ★必ずご確認ください★
・質問、メッセージの回答は夜になることが多いです。
・手渡しは対応しておりません。
・商品によって業者を変えるため【センター留め】【郵便局留め】は対応できません。
・領収書の同梱は対応しておりません。
・まとめて取引は、トラブルが多いためお断りしております。
・不具合以外での返品・交換は対応しておりません。
・Yahoo!かんたん決済の支払期限を過ぎた場合、落札者都合のキャンセルをいたします。","3350","3550","100","780"
"車＆バイク ? カーパーツ ? 外装・エアロパーツ ? フロントバンパー","uxcellクリップリベットナイロンバンパーファスナー8mm穴径プラスチックブラック100個入り","製品名:プラスチック製のリベット;材料：プラスチック


カラー：ブラック　パッケージ:100xプラスチック製のリベット(Non-OEM)




正味重量:167g;全長:22mm


茎長　:15mm　直径:20mm


◆支払詳細
【お支払い方法】 Yahoo!かんたん決済r【支払い代金】 落札価格 ＋ 送料
　※ 銀行振込希望の方は、Yahoo!かんたん決済の銀行振り込みをご利用ください。
　※ 直接の銀行振込みは、お断りしております。

◆発送詳細
【送料】 ★ 全国一律料金 ★
【発送までの日数】 お支払い完了後 1～2日で発送いたします。
【配送業者】 主にヤマト運輸、日本郵便、佐川急便から発送いたします。また別の業者を使うこともあります。

◆注意事項 ★必ずご確認ください★
・質問、メッセージの回答は夜になることが多いです。
・手渡しは対応しておりません。
・商品によって業者を変えるため【センター留め】【郵便局留め】は対応できません。
・領収書の同梱は対応しておりません。
・まとめて取引は、トラブルが多いためお断りしております。
・不具合以外での返品・交換は対応しておりません。
・Yahoo!かんたん決済の支払期限を過ぎた場合、落札者都合のキャンセルをいたします。","1069","1269","100","780"
"車＆バイク ? カーパーツ ? 外装・エアロパーツ ? フロントバンパー","uxcell自動車用リベットニッサン押し込み式プラスチック製ブラック日産専用15個入り","商品名称:プラスチック　リベット;素材:プラスチック


カラー:ブラック;パッケージコンテンツ:15xプラスチック　リベット(非oem製)


適用:日産;寸法:ホール直径向き:8mm


正味重量:27g;全長:22mm


ステム長さ:15mm;直径:20mm


◆支払詳細
【お支払い方法】 Yahoo!かんたん決済r【支払い代金】 落札価格 ＋ 送料
　※ 銀行振込希望の方は、Yahoo!かんたん決済の銀行振り込みをご利用ください。
　※ 直接の銀行振込みは、お断りしております。

◆発送詳細
【送料】 ★ 全国一律料金 ★
【発送までの日数】 お支払い完了後 1～2日で発送いたします。
【配送業者】 主にヤマト運輸、日本郵便、佐川急便から発送いたします。また別の業者を使うこともあります。

◆注意事項 ★必ずご確認ください★
・質問、メッセージの回答は夜になることが多いです。
・手渡しは対応しておりません。
・商品によって業者を変えるため【センター留め】【郵便局留め】は対応できません。
・領収書の同梱は対応しておりません。
・まとめて取引は、トラブルが多いためお断りしております。
・不具合以外での返品・交換は対応しておりません。
・Yahoo!かんたん決済の支払期限を過ぎた場合、落札者都合のキャンセルをいたします。","586","786","100","780"
"ホーム＆キッチン ? 家電 ? 理美容家電 ? シェーバー・バリカン ? メンズシェーバー","ブラウンメンズ電気シェーバーシリーズ3310s3枚刃水洗い お風呂剃り可","サイズ:約幅57×奥行48×高さ156mm


使用可能電圧:AC100-240V(電圧自動切換)/消費電力:7W(50-60Hz)


電源方式:充電式(お風呂剃り対応)


セット内容・付属品:本体、網刃保護キャップ、専用コード


替刃:F/C21B


充電時間:約1時間(連続使用可能時間/約20分)


洗浄タイプ:水洗い


本体重量(kg):0.175
原産国:中国
◆支払詳細
【お支払い方法】 Yahoo!かんたん決済r【支払い代金】 落札価格 ＋ 送料
　※ 銀行振込希望の方は、Yahoo!かんたん決済の銀行振り込みをご利用ください。
　※ 直接の銀行振込みは、お断りしております。

◆発送詳細
【送料】 ★ 全国一律料金 ★
【発送までの日数】 お支払い完了後 1～2日で発送いたします。
【配送業者】 主にヤマト運輸、日本郵便、佐川急便から発送いたします。また別の業者を使うこともあります。

◆注意事項 ★必ずご確認ください★
・質問、メッセージの回答は夜になることが多いです。
・手渡しは対応しておりません。
・商品によって業者を変えるため【センター留め】【郵便局留め】は対応できません。
・領収書の同梱は対応しておりません。
・まとめて取引は、トラブルが多いためお断りしております。
・不具合以外での返品・交換は対応しておりません。
・Yahoo!かんたん決済の支払期限を過ぎた場合、落札者都合のキャンセルをいたします。","3580","3780","100","780"
"ホーム＆キッチン ? ラグ・カーテン・ファブリック ? カーテンレール・アクセサリー ? カーテンレール・ポール"," ORENJI カーテンレール手曲げ用レールアジャスタブルトラックカーテンレールセットリングランナー付出窓や車に対応！天井や壁に取付可能!長さ調整可能!自由に切れ曲げやすいカーブレール取り付けかんたんシングル 2M)","従来品よりも施工し易いよう改良した商品の為、曲げられるカーテンレールになります！車用、トラック用にも取付が出来ます
変形した窓や、湾曲したお部屋等どんな場所でも調節可能なタイプですので場所を選ばず取付出来ます
又マグネットランナーが同梱されておりますので従来品よりも遮光性に優れ、場所を選ばず取り付け出来、プライバシーが確保できます！


窓用カーテンはもちろん、壁や天井に取り付て仕切り用にも使えます
素材がスチール製なのでプラスチックやアルミ製のものと違い、長年ご使用いただける頑丈構造となっております
アジャスター機能として長さ調整が出来るようカット方法や取付方法を絵付きの説明書にて梱包しておりますので、男性・女性問わず取付する事が出来ます
アイデア次第でペット用カーテンや、お子様の勉強スペースの間仕切り等にもお使いいただけます！


カッターやナイフで傷をつけて手で曲げて切断することもできますし、金のこで切断もでき、お好みの長さに短縮することができます


セット内容:レール本体*1本、金鋸*1個、キャップストップ*2個、マグネットランナー*1セット、カーテンランナー*16個、予備用カーテンランナー*１個、、壁面付けブラケット*6個、天井付けブラケット*6個、ネジ*6本、アンカー部品*6本


取り付け方について、文字説明、画像ご参考ください


◆支払詳細
【お支払い方法】 Yahoo!かんたん決済r【支払い代金】 落札価格 ＋ 送料
　※ 銀行振込希望の方は、Yahoo!かんたん決済の銀行振り込みをご利用ください。
　※ 直接の銀行振込みは、お断りしております。

◆発送詳細
【送料】 ★ 全国一律料金 ★
【発送までの日数】 お支払い完了後 1～2日で発送いたします。
【配送業者】 主にヤマト運輸、日本郵便、佐川急便から発送いたします。また別の業者を使うこともあります。

◆注意事項 ★必ずご確認ください★
・質問、メッセージの回答は夜になることが多いです。
・手渡しは対応しておりません。
・商品によって業者を変えるため【センター留め】【郵便局留め】は対応できません。
・領収書の同梱は対応しておりません。
・まとめて取引は、トラブルが多いためお断りしております。
・不具合以外での返品・交換は対応しておりません。
・Yahoo!かんたん決済の支払期限を過ぎた場合、落札者都合のキャンセルをいたします。","1810","2010","100","780"
"車＆バイク ? カーアクセサリ ? 携帯電話・スマートフォンアクセサリ ? 車載ホルダー","SmartTapオートホールド式車載ホルダーEasyOneTouch3(伸縮アーム粘着ゲル吸盤)HLCRIO130","

【Amazonランキング大賞2017、2018】カー用品総合、カーアクセサリ部門2年連続、2部門において第1位獲得


【車の乗り降りがスムーズ】特許取得のワンタッチロック&リリース機能「EasyOneTouch」はスマートフォンを片手で簡単に搭載できます
EasyOneTouchLock機能はSmartTapだけ
【お手入れで吸着力が復活】吸盤部が吸着せずに脱落する場合は、中性洗剤などで洗浄いただき、設置面を脱脂して頂ければ吸着力が復活し、再度ご利用いただくことができます


【横幅5.9～9.1cmのスマホに対応】AppleiPhone11/11Pro/11ProMax/XS/XSMax/XR/X/8Plus/8/7Plus/7またはSAMSUNGGalaxyS9/S9Plus/Note8/S8/S8Plus/GooglePixel3XL/3a/HuaweiP30/P30PRO/P20PROなどあらゆる機種に対応しています
※Xperia等の一部機種ではサイドバーとボタンが干渉してしまう場合があります


【注意事項】※指で押すと凹むもの、起毛のある布素材のもの、レザー素材のダッシュボードには装着出来ません
従ってご利用の際には事前に試運転等を行って下さい
※本製品は固定器具ですが、スタビライザー（安価で１万円程度）ではありません
従って固定中の車の振動を抑制する機能はなく、動画撮影などには向きません
※ホコリや油脂汚れで吸着力が変化いたしますので、設置前にアルコールティッシュなどでダッシュボードの清掃を行って下さい
※取り付け、設置に関しては、道路交通法を遵守の上、ご使用ください
【吸盤サイズ】直径6.5cm【ホルダーサイズ】サイドアーム高さ2.8cm、サイドアーム下部から底面受けまで最短の高さ4.5cm、サイドアーム下部から底面受けまで最長の高さ6.3cm


◆支払詳細
【お支払い方法】 Yahoo!かんたん決済r【支払い代金】 落札価格 ＋ 送料
　※ 銀行振込希望の方は、Yahoo!かんたん決済の銀行振り込みをご利用ください。
　※ 直接の銀行振込みは、お断りしております。

◆発送詳細
【送料】 ★ 全国一律料金 ★
【発送までの日数】 お支払い完了後 1～2日で発送いたします。
【配送業者】 主にヤマト運輸、日本郵便、佐川急便から発送いたします。また別の業者を使うこともあります。

◆注意事項 ★必ずご確認ください★
・質問、メッセージの回答は夜になることが多いです。
・手渡しは対応しておりません。
・商品によって業者を変えるため【センター留め】【郵便局留め】は対応できません。
・領収書の同梱は対応しておりません。
・まとめて取引は、トラブルが多いためお断りしております。
・不具合以外での返品・交換は対応しておりません。
・Yahoo!かんたん決済の支払期限を過ぎた場合、落札者都合のキャンセルをいたします。","2590","2790","100","780"
"車＆バイク ? バッテリー ? カーバッテリー","BOSCH(ボッシュ)PSバッテリー国産車充電制御車バッテリーPSR-40B19L","[仕様]国産充電制御車/通常車メンテナンスフリーバッテリー[5時間率容量]28Ah[コールドクランキング電流(CCA)]330A[本体サイズ]長さ:187mm,幅:127mm,高さ:202mm,総高:224mm






適合詳細はメーカーホームページにてご確認ください


◆支払詳細
【お支払い方法】 Yahoo!かんたん決済r【支払い代金】 落札価格 ＋ 送料
　※ 銀行振込希望の方は、Yahoo!かんたん決済の銀行振り込みをご利用ください。
　※ 直接の銀行振込みは、お断りしております。

◆発送詳細
【送料】 ★ 全国一律料金 ★
【発送までの日数】 お支払い完了後 1～2日で発送いたします。
【配送業者】 主にヤマト運輸、日本郵便、佐川急便から発送いたします。また別の業者を使うこともあります。

◆注意事項 ★必ずご確認ください★
・質問、メッセージの回答は夜になることが多いです。
・手渡しは対応しておりません。
・商品によって業者を変えるため【センター留め】【郵便局留め】は対応できません。
・領収書の同梱は対応しておりません。
・まとめて取引は、トラブルが多いためお断りしております。
・不具合以外での返品・交換は対応しておりません。
・Yahoo!かんたん決済の支払期限を過ぎた場合、落札者都合のキャンセルをいたします。","3540","3740","100","780"
"車＆バイク ? カーパーツ ? 電子パーツ ? コネクター","TOOHUI120個セットT型配線コネクター平型端子エレクトロタップ配線分岐コネクターT接続コネクター端子簡単に速く配線取り付け分岐配線接続細線(赤 黄 青)","★簡単に配線取り付け:電線の分岐及び支線が簡単に作れます
電線を切断しなく、簡単に被覆線をストリップでき、安全同時に便利です.ミッドスパンの盗聴はかつてないほど容易になりました


★高品質:銅ナイロンで作られました、良好な電気伝導性と耐久性を有すエレクトロタップです.安全な構造、短絡を防ぎます


色が異なると、簡単に識別してすばやく選択できます


★簡単な識別：色分けされたチューブにより、あらゆる用途に適したサイズのコネクタを簡単に識別できます
ワイヤー範囲：22-18AWG（赤）/18-14AWG（青）/12-10AWG（黄）


★パッケージは以下を含みます：60xT字配線コネクター,60x平型端子(各色20ペア）、簡単な整理と保管のためのプラスチック製の収納ケース付き


◆支払詳細
【お支払い方法】 Yahoo!かんたん決済r【支払い代金】 落札価格 ＋ 送料
　※ 銀行振込希望の方は、Yahoo!かんたん決済の銀行振り込みをご利用ください。
　※ 直接の銀行振込みは、お断りしております。

◆発送詳細
【送料】 ★ 全国一律料金 ★
【発送までの日数】 お支払い完了後 1～2日で発送いたします。
【配送業者】 主にヤマト運輸、日本郵便、佐川急便から発送いたします。また別の業者を使うこともあります。

◆注意事項 ★必ずご確認ください★
・質問、メッセージの回答は夜になることが多いです。
・手渡しは対応しておりません。
・商品によって業者を変えるため【センター留め】【郵便局留め】は対応できません。
・領収書の同梱は対応しておりません。
・まとめて取引は、トラブルが多いためお断りしております。
・不具合以外での返品・交換は対応しておりません。
・Yahoo!かんたん決済の支払期限を過ぎた場合、落札者都合のキャンセルをいたします。","990","1190","100","780"
"ホーム＆キッチン ? 家電 ? 生活家電 ? 掃除機 ? スティッククリーナー","ダイソン掃除機コードレスDysonV7fluffyオンラインモデルSV11FFOLB","修理依頼品は、ヤマト運輸のセールスドライバーが無料にて引き取りに伺います
サイズ:幅13.1x奥31.9x高20.6㎝




収納用ブラケット/隙間ノズル/コンビネーションノズル


【通常モード】約30分間【通常モードモーター駆動のヘッド使用時】ソフトローラークリーナーヘッド:約20分間【強モード】約6分間


本体重量(kg):1.44スティック時の本体質量(kg):2.58(本体+ホース、パイプ、標準ヘッド)


fluffyはこちらのクリーナーヘッド部分でございます


ヘッド種類:モーター式


◆支払詳細
【お支払い方法】 Yahoo!かんたん決済r【支払い代金】 落札価格 ＋ 送料
　※ 銀行振込希望の方は、Yahoo!かんたん決済の銀行振り込みをご利用ください。
　※ 直接の銀行振込みは、お断りしております。

◆発送詳細
【送料】 ★ 全国一律料金 ★
【発送までの日数】 お支払い完了後 1～2日で発送いたします。
【配送業者】 主にヤマト運輸、日本郵便、佐川急便から発送いたします。また別の業者を使うこともあります。

◆注意事項 ★必ずご確認ください★
・質問、メッセージの回答は夜になることが多いです。
・手渡しは対応しておりません。
・商品によって業者を変えるため【センター留め】【郵便局留め】は対応できません。
・領収書の同梱は対応しておりません。
・まとめて取引は、トラブルが多いためお断りしております。
・不具合以外での返品・交換は対応しておりません。
・Yahoo!かんたん決済の支払期限を過ぎた場合、落札者都合のキャンセルをいたします。","30201","30401","100","780"
"車＆バイク ? カーパーツ ? ライト・ランプ ? ブレーキ・テールランプ","AUXITOT16LEDバックランプ爆光1300ルーメンキャンセラー内蔵バックランプT16 T153020LED10連18ヶ月12V無極性ホワイト後退灯バックライト50000時間以上寿命(2個セット)","【T16LEDホワイト2個】バックランプとしか使われません
最先端超高発光効率の3020LED素子10個搭載、360°全方位照射でき、CANBUSキャンセラー内蔵で大部分車種はエラーフリー、12V車用T16バルブ2個セット


【超高輝度＆省エネルギー】1300LMの明るさ、超高輝度な6000Kホワイト光、6Wの消費電力だけ、市販のハロゲン(パワー:18W)より省エネルギーの上で、明るさは大幅にアップ!


【導電性＆耐久性抜群】CANBUST16ソケットは全面的に導電でき、市販品の導電鉄線より、ルーズや接触不良やすいの心配がなし
放熱効果が抜群なアルミヒートシンク採用、バルブの性能を確保でき、50000時間以上使え、寿命がハロゲンより100倍以上長くなります


【極性フリー＆取付簡単】純正球(T16)とほぼ同じサイズなので、極性フリーで、取付は簡単！原箇所のまま差し込むだけで取付ます
適用ソケット：T16、T15、912、921、906、904、902、W16W




◆支払詳細
【お支払い方法】 Yahoo!かんたん決済r【支払い代金】 落札価格 ＋ 送料
　※ 銀行振込希望の方は、Yahoo!かんたん決済の銀行振り込みをご利用ください。
　※ 直接の銀行振込みは、お断りしております。

◆発送詳細
【送料】 ★ 全国一律料金 ★
【発送までの日数】 お支払い完了後 1～2日で発送いたします。
【配送業者】 主にヤマト運輸、日本郵便、佐川急便から発送いたします。また別の業者を使うこともあります。

◆注意事項 ★必ずご確認ください★
・質問、メッセージの回答は夜になることが多いです。
・手渡しは対応しておりません。
・商品によって業者を変えるため【センター留め】【郵便局留め】は対応できません。
・領収書の同梱は対応しておりません。
・まとめて取引は、トラブルが多いためお断りしております。
・不具合以外での返品・交換は対応しておりません。
・Yahoo!かんたん決済の支払期限を過ぎた場合、落札者都合のキャンセルをいたします。","1450","1650","100","780"
"車＆バイク ? バッテリー ? バイクバッテリー","TAIWANYUASA[台湾ユアサ]シールド型バイク用バッテリー[YT4L-BS高性能版]YTX4L-BS","(液入り充電済みの為、商品到着後すぐに車両への取付が可能)


[10時間率容量]3.0(Ah)


[液入り重量]約1.48kg


[互換バッテリー]YT4L-BS/YTX4L-BS/FT4L-BS/FTH4L-BS/RBT4L-BS/RBTX4L-BS/DT4L-BS/DTX4L-BS


[サイズ]高さ8mm幅7mm長さ11mm/


◆支払詳細
【お支払い方法】 Yahoo!かんたん決済r【支払い代金】 落札価格 ＋ 送料
　※ 銀行振込希望の方は、Yahoo!かんたん決済の銀行振り込みをご利用ください。
　※ 直接の銀行振込みは、お断りしております。

◆発送詳細
【送料】 ★ 全国一律料金 ★
【発送までの日数】 お支払い完了後 1～2日で発送いたします。
【配送業者】 主にヤマト運輸、日本郵便、佐川急便から発送いたします。また別の業者を使うこともあります。

◆注意事項 ★必ずご確認ください★
・質問、メッセージの回答は夜になることが多いです。
・手渡しは対応しておりません。
・商品によって業者を変えるため【センター留め】【郵便局留め】は対応できません。
・領収書の同梱は対応しておりません。
・まとめて取引は、トラブルが多いためお断りしております。
・不具合以外での返品・交換は対応しておりません。
・Yahoo!かんたん決済の支払期限を過ぎた場合、落札者都合のキャンセルをいたします。","2391","2591","100","780"
"スポーツ＆アウトドア ? 自転車 ? 自転車パーツ ? バルブ","自転車用スーパーバルブセット","虫ゴム不要のバルブセットです


通常の虫ゴムタイプより寿命が高いです


2本入


◆支払詳細
【お支払い方法】 Yahoo!かんたん決済r【支払い代金】 落札価格 ＋ 送料
　※ 銀行振込希望の方は、Yahoo!かんたん決済の銀行振り込みをご利用ください。
　※ 直接の銀行振込みは、お断りしております。

◆発送詳細
【送料】 ★ 全国一律料金 ★
【発送までの日数】 お支払い完了後 1～2日で発送いたします。
【配送業者】 主にヤマト運輸、日本郵便、佐川急便から発送いたします。また別の業者を使うこともあります。

◆注意事項 ★必ずご確認ください★
・質問、メッセージの回答は夜になることが多いです。
・手渡しは対応しておりません。
・商品によって業者を変えるため【センター留め】【郵便局留め】は対応できません。
・領収書の同梱は対応しておりません。
・まとめて取引は、トラブルが多いためお断りしております。
・不具合以外での返品・交換は対応しておりません。
・Yahoo!かんたん決済の支払期限を過ぎた場合、落札者都合のキャンセルをいたします。","498","698","100","780"
"DIY・工具・ガーデン ? 電動工具・エア工具 ? エア工具 ? エアコンプレッサー","DigHealth電動エアコンプレッサーコードレスエアコンプレッサー電動空気入れ自動車自転車トラックバイクボール浮き輪適用2200AM電池LEDライト付き日本語取扱説明書付き","【高品質バッテリー空気入れバイク】電動式空気入れに2200mAhリチウムバッテリーが内蔵し、一回満電させると、6つのタイヤに充填できます
自転車、自動車、トラック、空気入れバイク、浮き輪、ボールなど空気を入れる物に対応可能です


【空気圧を設定可能、自動停止】LCDデジタル空気圧メーターが装備されているので、4種の空気圧単位PSI/BAR/KPA/Kg/c㎡を表示·選択可能、3分以内に150PSIに達することも可能です
設定した空気圧に達すると、自動で停止する機能付き！


【LEDライト搭載】お手軽サイズで持ち運びも、使い方も簡単！夜間でも数字が見やすく、手元を明るく照らせ、安全に空気入れが可能です
日常生活やアウトドアレジャーに大活躍！


【収納バッグも付属、携帯便利】電動エアコンプレッサーコードレス式で、小型軽量で片手でもラクラク扱えます
トリガーを押すだけのワンタッチ操作で、様々なものに簡単に空気を入れたり止めたりできます
収納バックが付き、アタッチメントから充電用のアダプターまで必要なもの一式をまとめて収納でき、持ち運びやすいです


【人間工学なデザイン＆緊急空気補充】屋外と屋内に適用な携帯性が高いエアーコンプレッサーです
緊急場合にはタイヤの気圧低下の場合、自動車タイヤ、バイク、自転車などエアー製品には空気いることが可能です


◆支払詳細
【お支払い方法】 Yahoo!かんたん決済r【支払い代金】 落札価格 ＋ 送料
　※ 銀行振込希望の方は、Yahoo!かんたん決済の銀行振り込みをご利用ください。
　※ 直接の銀行振込みは、お断りしております。

◆発送詳細
【送料】 ★ 全国一律料金 ★
【発送までの日数】 お支払い完了後 1～2日で発送いたします。
【配送業者】 主にヤマト運輸、日本郵便、佐川急便から発送いたします。また別の業者を使うこともあります。

◆注意事項 ★必ずご確認ください★
・質問、メッセージの回答は夜になることが多いです。
・手渡しは対応しておりません。
・商品によって業者を変えるため【センター留め】【郵便局留め】は対応できません。
・領収書の同梱は対応しておりません。
・まとめて取引は、トラブルが多いためお断りしております。
・不具合以外での返品・交換は対応しておりません。
・Yahoo!かんたん決済の支払期限を過ぎた場合、落札者都合のキャンセルをいたします。","5700","5900","100","780"
"車＆バイク ? カーパーツ ? ライト・ランプ ? 汎用バルブ","AUXITOT10LEDホワイト爆光2個キャンセラー内蔵LEDT10車検対応3014LEDチップ24連12V車用ポジション ライセンスランプ ナンバー灯 ルームランプ(一年)","【T10LEDホワイト2個】高発光効率の3014LED素子24個搭載、360°全方位照射でき、キャンセラー内蔵で大部分車種はエラーフリー、12V車用T10バルブ2個セット


【超高輝度＆省エネルギー】ルーメン:240LM、色温度:6000K、2W以下消費電力、市販のハロゲンやLEDバルブ(パワー:5W）より省エネルギーの上で、明るさは大幅にアップ!


【導電性＆耐久性抜群】導電面積が広く、市販品の導電鉄線より、ルーズや接触不良やすいの心配がなし
放熱効果が抜群なアルミヒートシンク採用、バルブの性能を確保でき、30000時間以上使え、寿命がハロゲンより100倍以上長くなります


【多用バルブ＆取付簡単】自動車適用
スコダとVWのポジションとナンバー灯はキャンセラーできません
(他のドイツ系車はキャンセラーできないこともあります
)




◆支払詳細
【お支払い方法】 Yahoo!かんたん決済r【支払い代金】 落札価格 ＋ 送料
　※ 銀行振込希望の方は、Yahoo!かんたん決済の銀行振り込みをご利用ください。
　※ 直接の銀行振込みは、お断りしております。

◆発送詳細
【送料】 ★ 全国一律料金 ★
【発送までの日数】 お支払い完了後 1～2日で発送いたします。
【配送業者】 主にヤマト運輸、日本郵便、佐川急便から発送いたします。また別の業者を使うこともあります。

◆注意事項 ★必ずご確認ください★
・質問、メッセージの回答は夜になることが多いです。
・手渡しは対応しておりません。
・商品によって業者を変えるため【センター留め】【郵便局留め】は対応できません。
・領収書の同梱は対応しておりません。
・まとめて取引は、トラブルが多いためお断りしております。
・不具合以外での返品・交換は対応しておりません。
・Yahoo!かんたん決済の支払期限を過ぎた場合、落札者都合のキャンセルをいたします。","999","1199","100","780"
"産業・研究開発用品 ? 電設 ? 電設用部品・資材","DC12Vto12V4A自動車直流コンバータ密封防水電圧安定化装置サージプロテクタ電源レギュレータアルミニウム殻トラック 車両 ボート ソーラーシステムなど DC10-36V入力 DC12V出力 ","車のオートトラック車両ボートソーラーシステムなどのための4ADC12Vサージプロテクターの電源レギュレータ


古い車のバッテリーや他の電気の理由から不安定な電圧によってデバイスが損傷するのを防ぎます
入力電圧範囲：DC10-36V、安定した出力DC12V


IP67防水合金ハウジングにより、車両、セキュリティシステム、病院機器、電気通信など幅広いアプリケーションに最適です
過電圧、不足電圧、過負荷、過熱および短絡保護内蔵


ラインの長さは約12CM、スリム、小さなボリューム、簡単なインストールです


高品質と高性能
重量：250g
サイズ：74mmx74mmx32mm（L*W*H）


◆支払詳細
【お支払い方法】 Yahoo!かんたん決済r【支払い代金】 落札価格 ＋ 送料
　※ 銀行振込希望の方は、Yahoo!かんたん決済の銀行振り込みをご利用ください。
　※ 直接の銀行振込みは、お断りしております。

◆発送詳細
【送料】 ★ 全国一律料金 ★
【発送までの日数】 お支払い完了後 1～2日で発送いたします。
【配送業者】 主にヤマト運輸、日本郵便、佐川急便から発送いたします。また別の業者を使うこともあります。

◆注意事項 ★必ずご確認ください★
・質問、メッセージの回答は夜になることが多いです。
・手渡しは対応しておりません。
・商品によって業者を変えるため【センター留め】【郵便局留め】は対応できません。
・領収書の同梱は対応しておりません。
・まとめて取引は、トラブルが多いためお断りしております。
・不具合以外での返品・交換は対応しておりません。
・Yahoo!かんたん決済の支払期限を過ぎた場合、落札者都合のキャンセルをいたします。","2499","2699","100","780"
"車＆バイク ? バッテリー ? カーバッテリー","Panasonic(パナソニック)国産車バッテリーカオスアイドリングストップ車用N-M65R 3","アイドリングストップ車用カーバッテリー


電圧(V):12 5時間率容量(Ah):36 普通充電電流(A):3.0 電池質量(約kg):10.8最大外形寸法(mm):総高227×箱高202×幅129×長さ197


低下した電圧を素早く回復させるクイックチャージ性能が向上


大容量化と合わせて車の省燃費性能を支える


液が減りにくい、減液抑制性能でバッテリー液補充の手間軽減


長い期間アイドリングストップシステムを作動


省燃費につながる軽量化を実現


◆支払詳細
【お支払い方法】 Yahoo!かんたん決済r【支払い代金】 落札価格 ＋ 送料
　※ 銀行振込希望の方は、Yahoo!かんたん決済の銀行振り込みをご利用ください。
　※ 直接の銀行振込みは、お断りしております。

◆発送詳細
【送料】 ★ 全国一律料金 ★
【発送までの日数】 お支払い完了後 1～2日で発送いたします。
【配送業者】 主にヤマト運輸、日本郵便、佐川急便から発送いたします。また別の業者を使うこともあります。

◆注意事項 ★必ずご確認ください★
・質問、メッセージの回答は夜になることが多いです。
・手渡しは対応しておりません。
・商品によって業者を変えるため【センター留め】【郵便局留め】は対応できません。
・領収書の同梱は対応しておりません。
・まとめて取引は、トラブルが多いためお断りしております。
・不具合以外での返品・交換は対応しておりません。
・Yahoo!かんたん決済の支払期限を過ぎた場合、落札者都合のキャンセルをいたします。","7700","7900","100","780"
"スポーツ＆アウトドア ? 自転車 ? 自転車アクセサリー ? サイクルコンピューター・GPS用アクセサリー","HEARTST自転車サイクルコンピュータ自転車コンピュータワイヤレス多機能バイクコンピュータLCDディスプレイサイクルメータースピードメーター防水無線バックライト磁石ストップウォッチ走行距離計防水簡単取付付きバイクアクセサリー","

✅【無線および防水設計】：無線および防水設計はそれをより便利そして耐久にさせます
あなたのハンドルバーにワイヤーを取り付ける際の複雑さを心配することはありません、防水設計は雨を心配する必要はありませんが、暴風雨に入れたり、水中に滞在しないでください


✅【オートオン/オフ】：速度信号を受信して​​いない場合、コンピュータは4分後に休止状態に入ります
""SPD""と速度の数値は表示されません
安静時は合図があれば自動起動となります
スピードメーターはデータを保存できます


✅【汎用】：ストップウォッチ、時計、自動ウェイクアップ、KMH/MPHスイッチ...これらの機能はすべて2つのボタンで実現できます
あなたは平均速度、最高速度、乗車時間、走行距離などを追跡することができます


✅【昼と夜のバックライト】：表示用のバックライトを提供するため、すべてのデータを簡単かつ明確に読み取ることができます
特に暗い時間帯に


◆支払詳細
【お支払い方法】 Yahoo!かんたん決済r【支払い代金】 落札価格 ＋ 送料
　※ 銀行振込希望の方は、Yahoo!かんたん決済の銀行振り込みをご利用ください。
　※ 直接の銀行振込みは、お断りしております。

◆発送詳細
【送料】 ★ 全国一律料金 ★
【発送までの日数】 お支払い完了後 1～2日で発送いたします。
【配送業者】 主にヤマト運輸、日本郵便、佐川急便から発送いたします。また別の業者を使うこともあります。

◆注意事項 ★必ずご確認ください★
・質問、メッセージの回答は夜になることが多いです。
・手渡しは対応しておりません。
・商品によって業者を変えるため【センター留め】【郵便局留め】は対応できません。
・領収書の同梱は対応しておりません。
・まとめて取引は、トラブルが多いためお断りしております。
・不具合以外での返品・交換は対応しておりません。
・Yahoo!かんたん決済の支払期限を過ぎた場合、落札者都合のキャンセルをいたします。","2089","2289","100","780"
"DIY・工具・ガーデン ? 電動工具・エア工具 ? 高圧洗浄機 ? 高圧洗浄機本体","高圧洗浄機MooSoo水道接続式 自吸式共用高圧 低圧切替可能1200W50Hz 60Hz東西日本兼用最大吐出圧力9.0MPa高圧ホース8m水道管3m電源コード5m小型軽量5.5kg車掃除標準部品付属で届いてすぐ使える改良版","➤9.0Mpaの最大吐出圧力で頑固な汚れも吹き飛ばせる高圧洗浄機


➤周波数は50/60Hzで、全国共通となる
1分間で約6Lの水を使用し、手洗いの1/3の時間で掃除完了
高圧洗浄機なら水も時間も節約できます


➤2種類の機能を1つに
付け替えの手間が要らない「変圧ノズル」付き、高圧・低圧の2段階切替が可能
合計16ｍのホースリールの長さ分、お家の隅々まで綺麗に洗浄できます


➤高効率の空冷式モーターを採用、耐久性にも優れる高圧洗浄機
旧機種より低騒音実現
水道直結はもちろん、貯め水も使える
お風呂の残り湯も使えるのでエコで経済的です




◆支払詳細
【お支払い方法】 Yahoo!かんたん決済r【支払い代金】 落札価格 ＋ 送料
　※ 銀行振込希望の方は、Yahoo!かんたん決済の銀行振り込みをご利用ください。
　※ 直接の銀行振込みは、お断りしております。

◆発送詳細
【送料】 ★ 全国一律料金 ★
【発送までの日数】 お支払い完了後 1～2日で発送いたします。
【配送業者】 主にヤマト運輸、日本郵便、佐川急便から発送いたします。また別の業者を使うこともあります。

◆注意事項 ★必ずご確認ください★
・質問、メッセージの回答は夜になることが多いです。
・手渡しは対応しておりません。
・商品によって業者を変えるため【センター留め】【郵便局留め】は対応できません。
・領収書の同梱は対応しておりません。
・まとめて取引は、トラブルが多いためお断りしております。
・不具合以外での返品・交換は対応しておりません。
・Yahoo!かんたん決済の支払期限を過ぎた場合、落札者都合のキャンセルをいたします。","11099","11299","100","780"
"車＆バイク ? カーパーツ ? ライト・ランプ ? ルームランプ","AUXITOT10LEDホワイト爆光10個ポジションランプledキャンセラー内蔵2W24個3014LED素子30000時間寿命12VLED白ルームランプ ナンバー灯1年","【T10LEDホワイト10個】高発光効率の3014LED素子24個搭載、360°全方位照射でき、CANBUSキャンセラー内蔵で大部分車種はエラーフリー、12V車用T10バルブ10個セット


【超高輝度＆省エネルギー】240LMの明るさ、6000Kホワイト光、2W以下の消費電力、市販のハロゲンやLEDバルブ(パワー:5W）より省エネルギーの上で、明るさは大幅にアップ!


【導電性＆耐久性抜群】CANBUST10ソケットは全面的に導電でき、市販品の導電鉄線より、ルーズや接触不良やすいの心配がなし
放熱効果が抜群なアルミヒートシンク採用、バルブの性能を確保でき、30000時間以上使え、寿命がハロゲンより100倍以上長くなります


【多用バルブ＆取付簡単】自動車適用
スコダとVWのポジションとナンバー灯はキャンセラーできません
(他のドイツ系車はキャンセラーできないこともあります
)




◆支払詳細
【お支払い方法】 Yahoo!かんたん決済r【支払い代金】 落札価格 ＋ 送料
　※ 銀行振込希望の方は、Yahoo!かんたん決済の銀行振り込みをご利用ください。
　※ 直接の銀行振込みは、お断りしております。

◆発送詳細
【送料】 ★ 全国一律料金 ★
【発送までの日数】 お支払い完了後 1～2日で発送いたします。
【配送業者】 主にヤマト運輸、日本郵便、佐川急便から発送いたします。また別の業者を使うこともあります。

◆注意事項 ★必ずご確認ください★
・質問、メッセージの回答は夜になることが多いです。
・手渡しは対応しておりません。
・商品によって業者を変えるため【センター留め】【郵便局留め】は対応できません。
・領収書の同梱は対応しておりません。
・まとめて取引は、トラブルが多いためお断りしております。
・不具合以外での返品・交換は対応しておりません。
・Yahoo!かんたん決済の支払期限を過ぎた場合、落札者都合のキャンセルをいたします。","1800","2000","100","780"
"ホーム＆キッチン ? 寝具 ? 枕・抱き枕 ? 枕","AYO枕安眠人気肩こり良い通気性快眠枕高級ホテル仕様高反発枕横向き対応丸洗い可能立体構造43x63cm家族のプレゼントホワイト","メイン素材:側生地：綿100％詰め物：ポリエステルわた100%
「通気性にも抜群」湿気がこもらず、虫・カビ・細菌などがつきにくいです
いつでも快適にご使用いただけます


認証を取得しています
（発行番号：ＱＤ-Ｄ1901751R）有害な物質を一切使用せず、環境保護基準に従い製造された繊維製品の国際的な安全基準です
【本体】サイズ：43×63cm
重量:約1.30kg
寝返りを打っても、頭が落ちにくいワイド幅の枕です


【低アレルゲン低刺激&通気性抜群】側生地：綿100％詰め物：ポリエステル100%
通気性抜群のポリエステル綿を使用されておりますので、湿気がこもらず、虫・カビ・細菌などがつきにくいです
汗をかきやすい人に対しても心配がありません


【立体構造&安眠枕】羽毛のような柔らかさと高反発性を兼ね備えた構造、素晴らしい復元力と弾力性があって、首と肩をしっかり支えます
重さ1.2kgの枕にたっぷりの綿が入っていますので、綿を自由に出し入れすることで自分に合う高さの枕が作り出すこともできます


【洗濯機対応、丸洗いOK！】家庭には丸洗いでき、いつも清潔に保てます
枕本体が汚れた場合も、直接枕本体を洗濯機に入れて洗うこともできます
長期間使用しても型崩れが起きにくく、何度洗っても新品のような肌触りです




◆支払詳細
【お支払い方法】 Yahoo!かんたん決済r【支払い代金】 落札価格 ＋ 送料
　※ 銀行振込希望の方は、Yahoo!かんたん決済の銀行振り込みをご利用ください。
　※ 直接の銀行振込みは、お断りしております。

◆発送詳細
【送料】 ★ 全国一律料金 ★
【発送までの日数】 お支払い完了後 1～2日で発送いたします。
【配送業者】 主にヤマト運輸、日本郵便、佐川急便から発送いたします。また別の業者を使うこともあります。

◆注意事項 ★必ずご確認ください★
・質問、メッセージの回答は夜になることが多いです。
・手渡しは対応しておりません。
・商品によって業者を変えるため【センター留め】【郵便局留め】は対応できません。
・領収書の同梱は対応しておりません。
・まとめて取引は、トラブルが多いためお断りしております。
・不具合以外での返品・交換は対応しておりません。
・Yahoo!かんたん決済の支払期限を過ぎた場合、落札者都合のキャンセルをいたします。","3080","3280","100","780"
"車＆バイク ? カーナビ・カーエレクトロニクス ? ドライブレコーダー本体"," 令和モデル Crosstour小型ドライブレコーダー高画質170度広角ドラレコ1080PフルHD駐車監視Gセンサーループ録画動体検知上書き機能高速起動緊急録画車載カメラ日本語説明書１３ヶ月CR250","🎁【小型&リアカメラ&取付簡単】ドライブレコーダーの寸法は3x4.8x7.6cmで、ICカード乗車券程の大きさで、運転中の視界の邪魔はしません｡コンパクトの小型デザインで、リアカメラとしても利用可能です｡一体型なので、取付けは簡単で本体を両面テープでフロントガラスに貼るだけです


駐車状態でも衝撃を感知して24時間も愛車保護できます
しかも高感度のGセンサーを搭載し、衝突・振動を検知すると自動的に録画を開始します
その衝撃時に録画されたファイルは上書きされません


🎁【1080P&170°広角】SONYセンサーを搭載し、1920×1080フルHD(30fps)と写真解像度1200万の高精細フルハイビジョン画質、夜間や雨天でも鮮明に記録します
170°広角レンズは4車線幅の道路でも死角のない映像を記録します
視野角は広く、音声記録で事故の発生状況を客観的に判断できます


🎁【ノイズ減少&LED信号対応】付属の電源ケーブルは地デジなどと電波干渉しにくい高品質なシールド線を採用し、電気的特性やノイズ遮断効果にすぐれ、伝送性能を最大限に引き出します
東日本と西日本それぞれの周波数に適用され、従来の点滅問題を解決でき、信号機をしっかり映されます




◆支払詳細
【お支払い方法】 Yahoo!かんたん決済r【支払い代金】 落札価格 ＋ 送料
　※ 銀行振込希望の方は、Yahoo!かんたん決済の銀行振り込みをご利用ください。
　※ 直接の銀行振込みは、お断りしております。

◆発送詳細
【送料】 ★ 全国一律料金 ★
【発送までの日数】 お支払い完了後 1～2日で発送いたします。
【配送業者】 主にヤマト運輸、日本郵便、佐川急便から発送いたします。また別の業者を使うこともあります。

◆注意事項 ★必ずご確認ください★
・質問、メッセージの回答は夜になることが多いです。
・手渡しは対応しておりません。
・商品によって業者を変えるため【センター留め】【郵便局留め】は対応できません。
・領収書の同梱は対応しておりません。
・まとめて取引は、トラブルが多いためお断りしております。
・不具合以外での返品・交換は対応しておりません。
・Yahoo!かんたん決済の支払期限を過ぎた場合、落札者都合のキャンセルをいたします。","3680","3880","100","780"
"スポーツ＆アウトドア ? 自転車 ? メンテナンス用品 ? 空気入れ ? フロアポンプ","ブリヂストン(BRIDGESTONE)空気入れスマートポンプPM-501SG規格英式トンボロ","適合バルブ:英式バルブ専用


付属アタッチメント:ボール用ノズル、浮輪用ノズル


材質:プラスチック


サイズ:本体/61㎝、ホース/73㎝


本体サイズ:H610×W220×D110mm


色:ブラック


◆支払詳細
【お支払い方法】 Yahoo!かんたん決済r【支払い代金】 落札価格 ＋ 送料
　※ 銀行振込希望の方は、Yahoo!かんたん決済の銀行振り込みをご利用ください。
　※ 直接の銀行振込みは、お断りしております。

◆発送詳細
【送料】 ★ 全国一律料金 ★
【発送までの日数】 お支払い完了後 1～2日で発送いたします。
【配送業者】 主にヤマト運輸、日本郵便、佐川急便から発送いたします。また別の業者を使うこともあります。

◆注意事項 ★必ずご確認ください★
・質問、メッセージの回答は夜になることが多いです。
・手渡しは対応しておりません。
・商品によって業者を変えるため【センター留め】【郵便局留め】は対応できません。
・領収書の同梱は対応しておりません。
・まとめて取引は、トラブルが多いためお断りしております。
・不具合以外での返品・交換は対応しておりません。
・Yahoo!かんたん決済の支払期限を過ぎた場合、落札者都合のキャンセルをいたします。","1436","1636","100","780"
"車＆バイク ? カーアクセサリ ? シートカバー","TanYooカーシートカバー防水前席用軽 普通車適用ずれにくいSBRボンディングシート保護グレーフロント1枚","【シートカバー本体サイズ】：枕横幅：30cm、枕縦周：46cm、座面横幅：55cm、背もたれ座面合計長さ：125cm；本体重さ：0.56KG


【素材に拘わり】：ポリエステル、SBRネオブレン2mmを採用
素敵な防水加工で、こぼし、汚れ、汗、泥、雨とペットなどからご愛車のシートをガードします
起毛布でパイピングして、丈夫で耐久性に優れている
キズにも強い


【取付方法とお手入れ方法】：取り付け方法は被せるだけ！大変便利でシートを保護
（ヘッドレストカバー付き）；汚れた部分をサッと拭くだけ、お手入れ超簡単


【様々なシーンで大活躍】：釣りでウエーダーを着たまま移動＆登山で泥だらけになったままの乗車＆運動した後汗だらけの運転＆飲みものをこぼれやすい子供や遊びに汚れたペットと一緒にドライブ時＆スキーした後雪だらけになったままの乗車などなど




◆支払詳細
【お支払い方法】 Yahoo!かんたん決済r【支払い代金】 落札価格 ＋ 送料
　※ 銀行振込希望の方は、Yahoo!かんたん決済の銀行振り込みをご利用ください。
　※ 直接の銀行振込みは、お断りしております。

◆発送詳細
【送料】 ★ 全国一律料金 ★
【発送までの日数】 お支払い完了後 1～2日で発送いたします。
【配送業者】 主にヤマト運輸、日本郵便、佐川急便から発送いたします。また別の業者を使うこともあります。

◆注意事項 ★必ずご確認ください★
・質問、メッセージの回答は夜になることが多いです。
・手渡しは対応しておりません。
・商品によって業者を変えるため【センター留め】【郵便局留め】は対応できません。
・領収書の同梱は対応しておりません。
・まとめて取引は、トラブルが多いためお断りしております。
・不具合以外での返品・交換は対応しておりません。
・Yahoo!かんたん決済の支払期限を過ぎた場合、落札者都合のキャンセルをいたします。","1899","2099","100","780"
"産業・研究開発用品 ? 電設 ? ブレーカー・ブレーカーボックス","YOKELLMUX車の充電器の電源のシガーライターメスソケットケーブル","【サイズ】：線長：320mm　全長：400mm　導線：0.75mm×2　【パッケージ内容】：1個


【適用範囲】：12-36Vの電圧対応範囲で、大型車両にも対応できます


【素材】：真鍮のコンタクトやゴムケーブルプロテクター付きシガーライターソケット
ケーブル固定用の半田タグ
シガーライターソケットにハードワイヤの製品


【広い対応性】：様々な車載用品に対応可能
例えば、Fmトランスミッター、タブレット、カーナビ、車載レコーダー、車載冷蔵庫、空気清浄器、車載掃除機など
長時間運転や充実なドライブを楽しめます


商品の品質には万全を期していますが、万一商品が不具合のようでしたら、気軽にご連絡ください


◆支払詳細
【お支払い方法】 Yahoo!かんたん決済r【支払い代金】 落札価格 ＋ 送料
　※ 銀行振込希望の方は、Yahoo!かんたん決済の銀行振り込みをご利用ください。
　※ 直接の銀行振込みは、お断りしております。

◆発送詳細
【送料】 ★ 全国一律料金 ★
【発送までの日数】 お支払い完了後 1～2日で発送いたします。
【配送業者】 主にヤマト運輸、日本郵便、佐川急便から発送いたします。また別の業者を使うこともあります。

◆注意事項 ★必ずご確認ください★
・質問、メッセージの回答は夜になることが多いです。
・手渡しは対応しておりません。
・商品によって業者を変えるため【センター留め】【郵便局留め】は対応できません。
・領収書の同梱は対応しておりません。
・まとめて取引は、トラブルが多いためお断りしております。
・不具合以外での返品・交換は対応しておりません。
・Yahoo!かんたん決済の支払期限を過ぎた場合、落札者都合のキャンセルをいたします。","598","798","100","780"
"ホーム＆キッチン ? 収納用品 ? 収納ケース・ボックス","アイリスオーヤマ収納BOX785×370×325RVBOX800グレー ダークグリーン","生産国:日本


素材:ポリプロピレン


タイプ:RVBOX


用途:車のサブトランク、ベンチ(大人二人)、踏み台等


容量(約):60L


規格:800カラー:グレー/ダークグリーン


内寸サイズ(cm):幅約66x奥行約27.5x高さ約27.5


外寸サイズ(cm):幅約78.5×奥行約37×高さ約32.5


◆支払詳細
【お支払い方法】 Yahoo!かんたん決済r【支払い代金】 落札価格 ＋ 送料
　※ 銀行振込希望の方は、Yahoo!かんたん決済の銀行振り込みをご利用ください。
　※ 直接の銀行振込みは、お断りしております。

◆発送詳細
【送料】 ★ 全国一律料金 ★
【発送までの日数】 お支払い完了後 1～2日で発送いたします。
【配送業者】 主にヤマト運輸、日本郵便、佐川急便から発送いたします。また別の業者を使うこともあります。

◆注意事項 ★必ずご確認ください★
・質問、メッセージの回答は夜になることが多いです。
・手渡しは対応しておりません。
・商品によって業者を変えるため【センター留め】【郵便局留め】は対応できません。
・領収書の同梱は対応しておりません。
・まとめて取引は、トラブルが多いためお断りしております。
・不具合以外での返品・交換は対応しておりません。
・Yahoo!かんたん決済の支払期限を過ぎた場合、落札者都合のキャンセルをいたします。","2245","2445","100","780"
"車＆バイク ? カーアクセサリ ? キーケース・キーホルダー","TISURキーチェーンチタン合金キーホルダーキーリング車バイクカラビナスマートキー用に紛失防止プレゼントギフト(尖頭)","チタンは、軽く、強く、海水にさらしても錆びない金属です
また、磁気を帯びる心配やアレルギーの心配が少ない素材です
これらの特性からゴルフヘッドや自動車部品、アウトドア食器、さらには歯科用インプラント材料としても注目されています


退色しない、サンドブラスト等の表面処理を行っています
秀逸なデザインだけでなく、毎日使うものだからこその機能性も妥協なく設計です


キーの着脱が簡単：鍵をすぐに取り出したり紛失を防ぐことができます
手のお肉などを挟む心配がありません


カラビナやフック、キーリングなど幅広く活用でき、おしゃれで実用的です
日常的な使用、アウトドアのバックパック、キャンプ、ハイキング、サイクリング、釣りなどに最適です


パッケージに含まれるもの：長さ55mmカラビナ（チタン）*1個、直径32mm二重キーリング（チタン)*1個


◆支払詳細
【お支払い方法】 Yahoo!かんたん決済r【支払い代金】 落札価格 ＋ 送料
　※ 銀行振込希望の方は、Yahoo!かんたん決済の銀行振り込みをご利用ください。
　※ 直接の銀行振込みは、お断りしております。

◆発送詳細
【送料】 ★ 全国一律料金 ★
【発送までの日数】 お支払い完了後 1～2日で発送いたします。
【配送業者】 主にヤマト運輸、日本郵便、佐川急便から発送いたします。また別の業者を使うこともあります。

◆注意事項 ★必ずご確認ください★
・質問、メッセージの回答は夜になることが多いです。
・手渡しは対応しておりません。
・商品によって業者を変えるため【センター留め】【郵便局留め】は対応できません。
・領収書の同梱は対応しておりません。
・まとめて取引は、トラブルが多いためお断りしております。
・不具合以外での返品・交換は対応しておりません。
・Yahoo!かんたん決済の支払期限を過ぎた場合、落札者都合のキャンセルをいたします。","1898","2098","100","780"
"スポーツ＆アウトドア ? 自転車 ? 自転車パーツ ? バルブ","BRIDGESTONE(ブリヂストン)虫ゴム不要のスーパーバルブ1パック(虫ゴム)VS-5P3281VS-5 P3281A710005","真鍮(ニッケルメッキ)、バレル研磨品


耐久性に優れた、プランチャー式バルブ


虫ゴムの約6倍ながもち


別名:MPプランジャー


◆支払詳細
【お支払い方法】 Yahoo!かんたん決済r【支払い代金】 落札価格 ＋ 送料
　※ 銀行振込希望の方は、Yahoo!かんたん決済の銀行振り込みをご利用ください。
　※ 直接の銀行振込みは、お断りしております。

◆発送詳細
【送料】 ★ 全国一律料金 ★
【発送までの日数】 お支払い完了後 1～2日で発送いたします。
【配送業者】 主にヤマト運輸、日本郵便、佐川急便から発送いたします。また別の業者を使うこともあります。

◆注意事項 ★必ずご確認ください★
・質問、メッセージの回答は夜になることが多いです。
・手渡しは対応しておりません。
・商品によって業者を変えるため【センター留め】【郵便局留め】は対応できません。
・領収書の同梱は対応しておりません。
・まとめて取引は、トラブルが多いためお断りしております。
・不具合以外での返品・交換は対応しておりません。
・Yahoo!かんたん決済の支払期限を過ぎた場合、落札者都合のキャンセルをいたします。","554","754","100","780"
"車＆バイク ? バイクアクセサリ ? 車体カバー","Homwarmバイクカバー高品質300D厚手防水紫外線防止盗難防止収納バッグ付き(XXXLブラック)","

【高品質の素材】300Dオックス生地という厚手の素材を使っている、耐水圧2000pa、カバー本体のみの重さは866g、とても丈夫です、耐久性が高い


【優れる防水性】製品二枚布の縫製の糸には防水処理が施しておる、内側表面にはポリウレタン塗料と紫外線防止保護塗料を塗る工芸で、ポリウレタン塗料なら撥水性、防水性が優れる、内側の生地も柔らかくになる、着脱時の傷が最小限に抑えられる、紫外線防止保護塗料なら、バイクを紫外線から守ってくれる効果がある


【優しいデザイン】製品正面の警告反射テープが二枚付くだけではなく、安全性を考えると、背面に警告反射テープを二枚追加される、またはチェーンロックの穴が前後両方も付く、錆びやすい金属製の穴に比べて、こちらが採用された布の縫製の穴の方がいい
裾を絞るゴムとワンタッチバックル付きの設計で、カバー飛びをよくに防止


【製品仕様】サイズ：265*125*105cm、ほぼ様々すべてのバイクをカバー可能、専用の収納バッグがついているため、持ち運びやすい


◆支払詳細
【お支払い方法】 Yahoo!かんたん決済r【支払い代金】 落札価格 ＋ 送料
　※ 銀行振込希望の方は、Yahoo!かんたん決済の銀行振り込みをご利用ください。
　※ 直接の銀行振込みは、お断りしております。

◆発送詳細
【送料】 ★ 全国一律料金 ★
【発送までの日数】 お支払い完了後 1～2日で発送いたします。
【配送業者】 主にヤマト運輸、日本郵便、佐川急便から発送いたします。また別の業者を使うこともあります。

◆注意事項 ★必ずご確認ください★
・質問、メッセージの回答は夜になることが多いです。
・手渡しは対応しておりません。
・商品によって業者を変えるため【センター留め】【郵便局留め】は対応できません。
・領収書の同梱は対応しておりません。
・まとめて取引は、トラブルが多いためお断りしております。
・不具合以外での返品・交換は対応しておりません。
・Yahoo!かんたん決済の支払期限を過ぎた場合、落札者都合のキャンセルをいたします。","3680","3880","100","780"
"車＆バイク ? カーパーツ ? 外装・エアロパーツ ? ガーニッシュ","ZIANトヨタ車用C-HRCHR全グレード対応リアバンパーリフレクターリアバンパーセンター部TOYOTA車部品カスタムカーパーツ外装ドレスアップ1Pプロテクターカバー車種専用設計高耐食サビに強い(レッド)","◆適合車種：トヨタC-HRZYX10NGX50、年式：H28.12～


◆セット内容：リアバンパーレンズ*1P


◆材質：PC　、カラー：レッド


付属の両面テープで簡単にカスタム可能な車のパーツです




◆支払詳細
【お支払い方法】 Yahoo!かんたん決済r【支払い代金】 落札価格 ＋ 送料
　※ 銀行振込希望の方は、Yahoo!かんたん決済の銀行振り込みをご利用ください。
　※ 直接の銀行振込みは、お断りしております。

◆発送詳細
【送料】 ★ 全国一律料金 ★
【発送までの日数】 お支払い完了後 1～2日で発送いたします。
【配送業者】 主にヤマト運輸、日本郵便、佐川急便から発送いたします。また別の業者を使うこともあります。

◆注意事項 ★必ずご確認ください★
・質問、メッセージの回答は夜になることが多いです。
・手渡しは対応しておりません。
・商品によって業者を変えるため【センター留め】【郵便局留め】は対応できません。
・領収書の同梱は対応しておりません。
・まとめて取引は、トラブルが多いためお断りしております。
・不具合以外での返品・交換は対応しておりません。
・Yahoo!かんたん決済の支払期限を過ぎた場合、落札者都合のキャンセルをいたします。","1099","1299","100","780"
"ジュエリー ? 小物 ? キーホルダー"," ガーディアンベル GUARDIANBELLお守りバイカーキーホルダー交通安全魔除けベル;AMGB-052","SugarSkullメキシコでは、死は消えてなくなるものではなく、生へと繋ぐもの、再生を意味します
いつか必ず訪れる死を、笑顔で迎えられるように、毎日を大切に楽しく生きていきたいそんな思いも込められています
ガイコツ（スカル）には自由を意味するという説もあります


素材：ピューター合金（錫）付属品：専用ギフトポーチ


サイズ：本体　38-40mmx23-26mmリング部分　25mm


※金属製のため、周辺部品に傷を付ける恐れがあります
お取り扱いにご注意ください
※輸入製品につき部分的にキズやダメージがある場合もございます


※金具等の付属品は正しくお使い下さい
　お取り扱いにはご注意くださいませ
※細かなパーツが含まれておりますので、小さなお子様が誤飲されませんよう取扱いにご注意ください


◆支払詳細
【お支払い方法】 Yahoo!かんたん決済r【支払い代金】 落札価格 ＋ 送料
　※ 銀行振込希望の方は、Yahoo!かんたん決済の銀行振り込みをご利用ください。
　※ 直接の銀行振込みは、お断りしております。

◆発送詳細
【送料】 ★ 全国一律料金 ★
【発送までの日数】 お支払い完了後 1～2日で発送いたします。
【配送業者】 主にヤマト運輸、日本郵便、佐川急便から発送いたします。また別の業者を使うこともあります。

◆注意事項 ★必ずご確認ください★
・質問、メッセージの回答は夜になることが多いです。
・手渡しは対応しておりません。
・商品によって業者を変えるため【センター留め】【郵便局留め】は対応できません。
・領収書の同梱は対応しておりません。
・まとめて取引は、トラブルが多いためお断りしております。
・不具合以外での返品・交換は対応しておりません。
・Yahoo!かんたん決済の支払期限を過ぎた場合、落札者都合のキャンセルをいたします。","1950","2150","100","780"
"車＆バイク ? カーアクセサリ ? 携帯電話・スマートフォンアクセサリ ? 車載ホルダー","OHLPROタブレットスマホスタンド車載スマホホルダーマグネット吸盤式360度回転自由調節スマホ タブレットホルダー両方対応用4-10.5インチの製品に適用","1、使用機能の特徴：このタブレットホルダーは運転中にスマホーとタブレットでナビゲーションを使うことをよく解決します、スマホーとタブレット通用できるスタントは市場ではまだ少ない、吸盤式のゲルはもっとフロントガラスに適用され、ナビゲーション中に視線を隠しないように安全確保するため、スマホーやタブレットはダシューボードに使うのをお進めします


2、兼用性特徴：六つの強いマグネットはIos/Androidなどのスマホーをしっかりと固定され、Phone7Plus、7、6SPlus、6s、SE、5s、4s、iPod、三星のGalaxy　S8、S7Edge、S7S6などすべての4~10.5インチのスマホーに適用します


3、材質特徴:吸盤式のステントは耐候(POMプラスチック素材)を採用して、吸盤は耐温tpuを採用して使用寿命の延長することができます、ダシューボードやフロントガラスにしっかりと固定するように吸盤を取り付け前にダシューボードやフロントガラスにきれいにしてください


4、多機能特徴：スタント台座は360度回転ボールジョイントにより、任意の位置でスマホーやタブレットを回転させることができ、運転中の美しい景色を楽しむことができます
丈夫なアームは190度で調整でき、運転中に視線が遮られません、取り付けもカンタンで、凸凹な道やコーナーであっても、タブレットやスマホーをしっかりと固定することができ、厳しい車の吸引テストに合格しています


5、ベストサービス提供！このセットは2個方形の金属板(3Mテープ付き)を付属しています


◆支払詳細
【お支払い方法】 Yahoo!かんたん決済r【支払い代金】 落札価格 ＋ 送料
　※ 銀行振込希望の方は、Yahoo!かんたん決済の銀行振り込みをご利用ください。
　※ 直接の銀行振込みは、お断りしております。

◆発送詳細
【送料】 ★ 全国一律料金 ★
【発送までの日数】 お支払い完了後 1～2日で発送いたします。
【配送業者】 主にヤマト運輸、日本郵便、佐川急便から発送いたします。また別の業者を使うこともあります。

◆注意事項 ★必ずご確認ください★
・質問、メッセージの回答は夜になることが多いです。
・手渡しは対応しておりません。
・商品によって業者を変えるため【センター留め】【郵便局留め】は対応できません。
・領収書の同梱は対応しておりません。
・まとめて取引は、トラブルが多いためお断りしております。
・不具合以外での返品・交換は対応しておりません。
・Yahoo!かんたん決済の支払期限を過ぎた場合、落札者都合のキャンセルをいたします。","1780","1980","100","780"
"車＆バイク ? カーパーツ ? ライト・ランプ ? LEDテープ","Wsiiroon車60LEDRGBテープライトUSB式車内装飾用音に反応防水全8色に切替高輝度フットランプ足下照明リモコン付き","🎵【60LEDライト】四本のテープライトを1セットで、好きな場面で簡単に取り付ける装飾用のLEDライトです
高輝度のLEDビーズを採用し、4本*15LED合計60LEDが付いたので、夜では雰囲気が一新になります
（念のため、次は取り付ける方法について説明させていただきます
製品が反応しない場合、IR受信機が隠れられたからリモコンでコントロールできなくなると思います
例えばお客さんは外観をよくするために取り付ける時にわざとIR受信機を隠した、それでリモコンからの電波はIR受信機に届けなくなります
使用できない場合は、リモコンをIR受信機に向いて操作してください
また、製品を設置完了後、このIR受信機はずっと外に露出していることをお勧めします
）


🎵【8色変更可能】ホワイト、レッド、ブルー、グリーン、イェロー、ピンク、オレンジ、ウォーターブルー
合わせて8種類のカラーがお好みに調整可能です
車内の足元にセットするだけで雰囲気がヒートアップ！


🎵【豊富な機能】リモコン操作でカラーや明るさが調整でき、赤、緑、青など8色も自由に変更できます
また二つの点滅モードと二つのフェードモードで合わせて四種類の自動カラーチェンジが可能です
それに、四つの音楽モードが搭載され、音楽に合わせてフラッシュしながら色を切り替えます
ご注意：リモコンの電池部分に絶縁ビニールが入っていますので、使用前に絶縁ビニールを抜き取ってください
リモコンはコントローラーの受信端に向けてご利用下さい
受信端と違う方向に操作すると、うまく反応しません


🎵【簡単設置】テープライトの裏側に粘着テープが付属していたので設置場所に困りません
また、LEDライトの部分はシリコーンの素材が採用し、防水仕様なので水に接触しても安心できます


USBインターフェイスなので、あらゆる車種に装着可能です
車ではなくUSBポートのある場所はどこでも使用可能です
自宅テレビの後ろに着け間接照明とパーティーの装飾などにも使えます


◆支払詳細
【お支払い方法】 Yahoo!かんたん決済r【支払い代金】 落札価格 ＋ 送料
　※ 銀行振込希望の方は、Yahoo!かんたん決済の銀行振り込みをご利用ください。
　※ 直接の銀行振込みは、お断りしております。

◆発送詳細
【送料】 ★ 全国一律料金 ★
【発送までの日数】 お支払い完了後 1～2日で発送いたします。
【配送業者】 主にヤマト運輸、日本郵便、佐川急便から発送いたします。また別の業者を使うこともあります。

◆注意事項 ★必ずご確認ください★
・質問、メッセージの回答は夜になることが多いです。
・手渡しは対応しておりません。
・商品によって業者を変えるため【センター留め】【郵便局留め】は対応できません。
・領収書の同梱は対応しておりません。
・まとめて取引は、トラブルが多いためお断りしております。
・不具合以外での返品・交換は対応しておりません。
・Yahoo!かんたん決済の支払期限を過ぎた場合、落札者都合のキャンセルをいたします。","1799","1999","100","780"
"ホーム＆キッチン ? キッチン用品 ? 浄水器・整水器 ? 浄水器・ポット交換カートリッジ ? 浄水ポット用カートリッジ","ブリタ浄水ポットカートリッジマクストラプラス4個セット 日本仕様 日本 ","MAXTRA+(マクストラプラス)


カートリッジ:4個入り


電池使用:いいえ


材質:ポリプロピレン、ポリエチレンテレフタレート


パッケージデザインが異なる可能性があります




除去物質:遊離残留塩素、CAT(農薬)、クロロホルム、溶解性鉛、テトラクロロエチレン、ブロモジクロロメタン、総トリハロメタン、トリクロロエチレン、ジブロモクロロメタン、2-MIB(かび臭)、1.1.1トリクロロエタン、プロモホルム


サイズ:幅10×奥行5.7×高さ7.5cm(カートリッジ1個あたり)
本体重量(kg):0.125
◆支払詳細
【お支払い方法】 Yahoo!かんたん決済r【支払い代金】 落札価格 ＋ 送料
　※ 銀行振込希望の方は、Yahoo!かんたん決済の銀行振り込みをご利用ください。
　※ 直接の銀行振込みは、お断りしております。

◆発送詳細
【送料】 ★ 全国一律料金 ★
【発送までの日数】 お支払い完了後 1～2日で発送いたします。
【配送業者】 主にヤマト運輸、日本郵便、佐川急便から発送いたします。また別の業者を使うこともあります。

◆注意事項 ★必ずご確認ください★
・質問、メッセージの回答は夜になることが多いです。
・手渡しは対応しておりません。
・商品によって業者を変えるため【センター留め】【郵便局留め】は対応できません。
・領収書の同梱は対応しておりません。
・まとめて取引は、トラブルが多いためお断りしております。
・不具合以外での返品・交換は対応しておりません。
・Yahoo!かんたん決済の支払期限を過ぎた場合、落札者都合のキャンセルをいたします。","4050","4250","100","780"
"車＆バイク ? カーパーツ ? ライト・ランプ ? ヘッドライト ? HIDバルブ","RCPD1R専用HIDバルブシェード付車用ヘッドライトRタイプ純正交換35WXenonHID6000K発光色選択可能明るさアップ加工なし2年２個入りRCP-D1R","※このHIDバルブはRタイプ専用モデル！D1R/D3Rバルブのガラス管に、純正同様の耐熱シェードがされており、こだわりのRタイプなので、適性な配光でグレア光に悩みません！


※高性能モデル：純正ハロゲンと比べると明るさを3倍アップさせ、3200ルーメンで夜道をより明るく照らし、さらに効率的にハロゲンの消費電力を半分まで軽減！


※低価格・高品質・高性能を兼ね備えた実力派HID
本商品は完全に水銀フリーで製造されています


※UVカット石英ガラスを採用し、紫外線による劣化や曇りを防止し、純正バルブと同じ正確な発光点から、スタイリッシュな輝度を放ちます


）


◆支払詳細
【お支払い方法】 Yahoo!かんたん決済r【支払い代金】 落札価格 ＋ 送料
　※ 銀行振込希望の方は、Yahoo!かんたん決済の銀行振り込みをご利用ください。
　※ 直接の銀行振込みは、お断りしております。

◆発送詳細
【送料】 ★ 全国一律料金 ★
【発送までの日数】 お支払い完了後 1～2日で発送いたします。
【配送業者】 主にヤマト運輸、日本郵便、佐川急便から発送いたします。また別の業者を使うこともあります。

◆注意事項 ★必ずご確認ください★
・質問、メッセージの回答は夜になることが多いです。
・手渡しは対応しておりません。
・商品によって業者を変えるため【センター留め】【郵便局留め】は対応できません。
・領収書の同梱は対応しておりません。
・まとめて取引は、トラブルが多いためお断りしております。
・不具合以外での返品・交換は対応しておりません。
・Yahoo!かんたん決済の支払期限を過ぎた場合、落札者都合のキャンセルをいたします。","2799","2999","100","780"
"車＆バイク ? カーアクセサリ ? 収納・ホルダー ? 外付コンソールボックス","Sporacingrtsジムニーアームレストスズキ新型ジムニーシエラ旧型ジムニーセンターコンソールボックスJB23JB33JB43JB64JB74純正ホルダーに適合インテリアアクセサリー","【適合車種】スズキジムニーシエラJB23JB33JB43JB64JB74系専用の多機能センターコンソー兼アームレストです


【運転の疲れを軽減】肘を置くところにレザー調の表皮が貼りひじ掛け、更に前後にスライド、右30度回転可能な設計、より気楽に運転できます


【灰皿とドリンクホルダー付き】収納ボックス、水筒ホルダー、脱着式の灰皿付き
小物入れとしても機能しますので、携帯電話やカード類などの収納に便利です


【取り付け】サイドブレーキ後部のドリンクホルダー(小物入れ)に差し込んで使用します
※カップホルダーへ両面テープ又はネジ止めでの固定が必要な場合が有ります




◆支払詳細
【お支払い方法】 Yahoo!かんたん決済r【支払い代金】 落札価格 ＋ 送料
　※ 銀行振込希望の方は、Yahoo!かんたん決済の銀行振り込みをご利用ください。
　※ 直接の銀行振込みは、お断りしております。

◆発送詳細
【送料】 ★ 全国一律料金 ★
【発送までの日数】 お支払い完了後 1～2日で発送いたします。
【配送業者】 主にヤマト運輸、日本郵便、佐川急便から発送いたします。また別の業者を使うこともあります。

◆注意事項 ★必ずご確認ください★
・質問、メッセージの回答は夜になることが多いです。
・手渡しは対応しておりません。
・商品によって業者を変えるため【センター留め】【郵便局留め】は対応できません。
・領収書の同梱は対応しておりません。
・まとめて取引は、トラブルが多いためお断りしております。
・不具合以外での返品・交換は対応しておりません。
・Yahoo!かんたん決済の支払期限を過ぎた場合、落札者都合のキャンセルをいたします。","3280","3480","100","780"
"車＆バイク ? カーパーツ ? 電子パーツ ? 吸入空気量センサー","エアフロメータートヨタ22204-2201022204-21010共用エアフロセンサーエアマスセンサー自動車部品交換修理","■社外品エアフロメーター


■適合車種：純正品番22204-22010または22204-21010取付車両に限る


■適合例：bBNCP30/NCP31/NCP35　　MR-SZZW30系　　RAV4SXA10W/SXA11W/ACA20W/ACA21W/ZCA25W/ZCA26　　WillNCP70/NCP75　　アイシスANM10/ANM15/ZNM10/ZNM15　　アリオンAZT240/NZT240/ZZT240/ZZT245アリストJZS160　　アルテッツァJCE10/JCE15W　　アルファードANH10/ANH15WアレックスNZE121/NZE124/ZZE122/ZZE123/ZZE124


イストNCP60/NCP61/NCP65/NCP110/NCP115　イプサムACM21/ACM26W　ウイッシュANE10/ZNE10/ZNE14　　ヴィッツNCP10/NCP13/NCP15　ウィンダムMCV30　ヴォクシーAZR60/AZR65G　　エスティマACR30/ACR40W　クラウンGRS180/GRS181/GRS182/GRS183　　クルーガーACU20/ACU25W　シエンタNCP81/NCP85G　セリカZZT230/ZZT231


セルシオUCF30/UCF31　ノアAZR60/AZR65G　ハイラックスサーフGRN215W　ハリアーACU10/ACU15W/MCU30/MCU31/MCU35/MCU36W　　ファンカーゴNCP20/NCP21/NCP25　　　プリウスNHW10/NHW11/NHW20　　プロボックスNCP50V/NCP51V/NCP52V/NCP55V/NCP58G/NCP59G　ランドクルーザープラドGRJ120WGRJ121W


◆支払詳細
【お支払い方法】 Yahoo!かんたん決済r【支払い代金】 落札価格 ＋ 送料
　※ 銀行振込希望の方は、Yahoo!かんたん決済の銀行振り込みをご利用ください。
　※ 直接の銀行振込みは、お断りしております。

◆発送詳細
【送料】 ★ 全国一律料金 ★
【発送までの日数】 お支払い完了後 1～2日で発送いたします。
【配送業者】 主にヤマト運輸、日本郵便、佐川急便から発送いたします。また別の業者を使うこともあります。

◆注意事項 ★必ずご確認ください★
・質問、メッセージの回答は夜になることが多いです。
・手渡しは対応しておりません。
・商品によって業者を変えるため【センター留め】【郵便局留め】は対応できません。
・領収書の同梱は対応しておりません。
・まとめて取引は、トラブルが多いためお断りしております。
・不具合以外での返品・交換は対応しておりません。
・Yahoo!かんたん決済の支払期限を過ぎた場合、落札者都合のキャンセルをいたします。","4080","4280","16","780"
"スポーツ＆アウトドア ? 自転車 ? 自転車アクセサリー ? 鍵・ロック ? ケーブルロック","バイクダイヤルロックワイヤーロック自転車ロック長1200mm横断面直径12mm5桁防盗(001)","サイズ:直径12×長さ1200mm重量:410g


材質:ワイヤー、スチール、銅　表部:PVC（ヨーロッパ連合の環境保護の標準に適したものを使用）
シリンダー部:スチール×ABS樹脂　これは低温の場合でも裂けなくて、気温が４０度の場合でも変わりません
高品質の素材を使い、錆や浸食などの心配が不要で、潤滑油を注油する必要もありません


サドル部分に取付可能なので走行中はサドル下の空きスペースにホールドできます


5桁のダイヤルロックで防犯に抜群の効果を発揮し,お好みの番号にも簡単にセットできます


＜頑丈・上質なワイヤーで大切な自転車を守ります＞とても頑丈で上質なケーブルが大切な自転車をいたずら・盗難などから守ります
簡単で素早くロックできるので自転車を外出先やコンビニ,その他の場所に止める際も安心!


◆支払詳細
【お支払い方法】 Yahoo!かんたん決済r【支払い代金】 落札価格 ＋ 送料
　※ 銀行振込希望の方は、Yahoo!かんたん決済の銀行振り込みをご利用ください。
　※ 直接の銀行振込みは、お断りしております。

◆発送詳細
【送料】 ★ 全国一律料金 ★
【発送までの日数】 お支払い完了後 1～2日で発送いたします。
【配送業者】 主にヤマト運輸、日本郵便、佐川急便から発送いたします。また別の業者を使うこともあります。

◆注意事項 ★必ずご確認ください★
・質問、メッセージの回答は夜になることが多いです。
・手渡しは対応しておりません。
・商品によって業者を変えるため【センター留め】【郵便局留め】は対応できません。
・領収書の同梱は対応しておりません。
・まとめて取引は、トラブルが多いためお断りしております。
・不具合以外での返品・交換は対応しておりません。
・Yahoo!かんたん決済の支払期限を過ぎた場合、落札者都合のキャンセルをいたします。","1099","1299","100","780"
"産業・研究開発用品 ? エレクトロニクス部品 ? 受動部品 ? コンデンサ　","OSOYOO(オソヨー)電子工作基本部品セットLED5色合計100PCS金属皮膜抵抗器30種類合計600本電解コンデンサ12種類合計120本セラミックコンデンサー30種類合計300本ダイオード8種類合計100本トランジスタ17種類合計170本(電子部品セット6種類)","◆電子工作でよく使いそうなLED5色金属皮膜抵抗器30種類電解コンデンサ12種類セラミックコンデンサー30種類ダイオード8種類トランジスタ17種類を詰め合わせにしたパックです


◆金属皮膜抵抗器（30種類、各種類20pcs、総計600pcs）:10Ω、22Ω、47Ω、100Ω、150Ω、200Ω、220Ω、270Ω、330Ω、470Ω、510Ω、680Ω、1KΩ、2KΩ、2.2KΩ、3.3KΩ、4.7KΩ、5.1KΩ、6.8KΩ、10KΩ、20KΩ、47KΩ、51KΩ、68KΩ、100KΩ、220KΩ、300KΩ、470KΩ、680KΩ、1M


◆セラミックコンデンサー（30種類、各種類10pcs、総計300pcs）:2P3P5P10P15P22P30P33P47P68P75P82P101(100P)151(150P)221(220P)331(330P)471(470P)681(680P)102(1NF)152(1.5NF)222(2.2NF)332(3.3NF)472(4.7NF)682(6.8NF)103(10NF)153(15NF)223(22NF)473(47NF)683(68NF)104(100NF)


◆LED:赤、緑、黄、青、白　5色各20pcs総計100pcs◆トランジスタ（17種類、各種類10pcs、総計170pcs）:S9012S9013S9014S9015S9018A1015C1815A42A922N54012N5551A733C945S8050S85502N39062N3904◆電解コンデンサ（12種類、各種類10pcs、総計120pcs）:50v0.22uf50v0.47uf50v1uf50v2.2uf50v4.7uf50v10uf50v22uf16v33uf16v47uf16v100uf16v220uf16v470uf◆ダイオード（8種類、総計100pcs）:1N414825pcs1N400725pcs1N581910pcs1N539910pcsFR10710pcsFR20710pcs1N54085pcs1N58225pcs


※ご注意：重量による検量を行っているため、入数に過不足が生じる場合がございます


◆支払詳細
【お支払い方法】 Yahoo!かんたん決済r【支払い代金】 落札価格 ＋ 送料
　※ 銀行振込希望の方は、Yahoo!かんたん決済の銀行振り込みをご利用ください。
　※ 直接の銀行振込みは、お断りしております。

◆発送詳細
【送料】 ★ 全国一律料金 ★
【発送までの日数】 お支払い完了後 1～2日で発送いたします。
【配送業者】 主にヤマト運輸、日本郵便、佐川急便から発送いたします。また別の業者を使うこともあります。

◆注意事項 ★必ずご確認ください★
・質問、メッセージの回答は夜になることが多いです。
・手渡しは対応しておりません。
・商品によって業者を変えるため【センター留め】【郵便局留め】は対応できません。
・領収書の同梱は対応しておりません。
・まとめて取引は、トラブルが多いためお断りしております。
・不具合以外での返品・交換は対応しておりません。
・Yahoo!かんたん決済の支払期限を過ぎた場合、落札者都合のキャンセルをいたします。","2776","2976","100","780"
"車＆バイク ? バイクアクセサリ ? 車体カバー","Rosefrayバイクカバー210D厚手M-L209cmまで対応スマートサイズ高機能撥水UVカット大型車体カバー風飛び防止鍵穴付収納袋付き","【ベンチレーション機能】ミラー部にエアベンチレーターを装備
内部にこもった湿気を効率的に排出


【前後が分かりやすい】色違いアイレットで前後の区別が容易(前方:赤色/後方:オレンジ色)


【風飛び防止対策】車体中央下部にワンタッチバックル付センターベルトを装備
風で飛ばされることなく、車体にしっかりと固定できる


【UVカット210Dオックス生地】シルバーの厚手210Dオックス生地を使用しております
二本針ミシンによる丈夫な縫製
内層ぎんめっきで、車体に有害な紫外線をカット・反射します
水圧レベル2000pa！大雨でも、愛車をしっかり守ります


【商品サイズM-L】(1)全長:2090mm(2)前方高さ:1250mm(3)後方高さ:900mm(4)ハンドル部幅:1000mm(5)後部幅:280mm


◆支払詳細
【お支払い方法】 Yahoo!かんたん決済r【支払い代金】 落札価格 ＋ 送料
　※ 銀行振込希望の方は、Yahoo!かんたん決済の銀行振り込みをご利用ください。
　※ 直接の銀行振込みは、お断りしております。

◆発送詳細
【送料】 ★ 全国一律料金 ★
【発送までの日数】 お支払い完了後 1～2日で発送いたします。
【配送業者】 主にヤマト運輸、日本郵便、佐川急便から発送いたします。また別の業者を使うこともあります。

◆注意事項 ★必ずご確認ください★
・質問、メッセージの回答は夜になることが多いです。
・手渡しは対応しておりません。
・商品によって業者を変えるため【センター留め】【郵便局留め】は対応できません。
・領収書の同梱は対応しておりません。
・まとめて取引は、トラブルが多いためお断りしております。
・不具合以外での返品・交換は対応しておりません。
・Yahoo!かんたん決済の支払期限を過ぎた場合、落札者都合のキャンセルをいたします。","2399","2599","100","780"
"車＆バイク ? カーパーツ ? ライト・ランプ ? ヘッドライト ? LEDバルブ"," 2020最新モデル登場 LIMEYH4ledヘッドライトHi LoH4U旧車対応超コンパクトで明るい高放熱性能ファンLumileds社製CSPチップ搭載12000LM(6000LM*2)車検対応6000KDC12V車対応(ハイブリッド車 EV車対応)ホワイト日本語取説書付2個入-G7H4","簡単ポン付けで装着が更に楽になりました
新型の静音ファン搭載で車内からもファンの音が聞こえなくとても静かで、耐久性も抜群に向上しました
しかも、ハロゲンよりも５０％省エネなのに３００％明るさＵＰ！もちろん品質は、最高品質Lumileds社製CSP1860LEDチップを採用していますので、長寿命、放熱性、省電力効果抜群の逸品です


✅【ハイブリッド車・EV車対応】12V車専用になりますが、26Vまでのワイドレンジに対応する定電流回路を搭載しているため、ハイブリッド車・EV車にも安心してご使用いただけます
（DC12V車でもトラックでのご使用は推奨しておりません）✅※本品は汎用タイプのため、一部の外車や国産車、マイナス交流車などでは電圧等の関係で適合しない場合もございます


✅【新車検対応】車検新基準、すれ違い用前照灯（ロービーム）に対応しています
　※ご注意※　本品は汎用品の為、車種側のリフレクターに依存する形となりますので、照射の形状は車種により異なる場合がございます
また、車検に関しては、地域により検査員の基準が異なる場合がございます


✅【光軸調整可能】純正フィラメントと同位置での発光を実現しています
また、本品は360度光軸調整可能です
車種によりリフレクターの反射位置が異なる場合は、本品のファン部分を手で回しり光軸を調整ください
切れのいいカットライン、HIDより瞬時に立ち上がり、明るく、快適、安全なドライビングをお楽しみください
※ご注意※ハロゲンを極力再現した汎用バルブになります
汎用タイプの為、全車種完全対応ではございません
その為、一部の車種では台座を削るといった加工が必要になる場合がございます
照射についても、車両側のリフレクターの反射位置に依存するため、一部の車種では光軸や配光が合わない場合がございます
（その際は、車両側での調整をお試し願います）


（登録第5770056号）


◆支払詳細
【お支払い方法】 Yahoo!かんたん決済r【支払い代金】 落札価格 ＋ 送料
　※ 銀行振込希望の方は、Yahoo!かんたん決済の銀行振り込みをご利用ください。
　※ 直接の銀行振込みは、お断りしております。

◆発送詳細
【送料】 ★ 全国一律料金 ★
【発送までの日数】 お支払い完了後 1～2日で発送いたします。
【配送業者】 主にヤマト運輸、日本郵便、佐川急便から発送いたします。また別の業者を使うこともあります。

◆注意事項 ★必ずご確認ください★
・質問、メッセージの回答は夜になることが多いです。
・手渡しは対応しておりません。
・商品によって業者を変えるため【センター留め】【郵便局留め】は対応できません。
・領収書の同梱は対応しておりません。
・まとめて取引は、トラブルが多いためお断りしております。
・不具合以外での返品・交換は対応しておりません。
・Yahoo!かんたん決済の支払期限を過ぎた場合、落札者都合のキャンセルをいたします。","3580","3780","100","780"
"車＆バイク ? カーアクセサリ ? 日よけ用品 ? サンシェード","MefeCoorelサンシェード車遮光遮熱自動伸縮自動折畳プライバシーを保護する車サンシェード(グレー)","🌟【自動収縮・折り畳み式】新モデル特徴-扇形の折りたたみデザイン、自動収縮できます
太陽をブロックするために1秒を達成することができます，プライバシーを保護する、美しい外観、女性運転手でも使用便利です


🌟【UVカット・断熱・内装劣化防止】アルミ化外層と光触媒内層の設計、多角反射で紫外線を大幅カットします、強めの太陽光直射により車内温度の急上昇をより効率的に下げること出来ます!車窓の内側にサンシェードを付けると、車内に熱も紫外線も大幅カットされ、エアコンの効率もアップすることができます！紫外線による内装の劣化を抑制し、車内の温度を大幅に下げることができます!車中泊や車内での休憩の目隠しにも最適です！


🌟【コンパクト・取付け簡単】収納場所にも困りません
運転中の本品の取付はしないでください


🌟【各車類対応・自由に切断可能】各車類対応-専用サイズではなくて、適切な高さにDIYカットできますので！両側は5センチメートル残して、しかし需要によって自由に切断します、大多数の自動車の型番に適合します


本体サイズ:1500(W)×700(H)㎜、シングル伸縮線収納箱、に適してコンパクト型車、中型車、日本語取扱説明書


◆支払詳細
【お支払い方法】 Yahoo!かんたん決済r【支払い代金】 落札価格 ＋ 送料
　※ 銀行振込希望の方は、Yahoo!かんたん決済の銀行振り込みをご利用ください。
　※ 直接の銀行振込みは、お断りしております。

◆発送詳細
【送料】 ★ 全国一律料金 ★
【発送までの日数】 お支払い完了後 1～2日で発送いたします。
【配送業者】 主にヤマト運輸、日本郵便、佐川急便から発送いたします。また別の業者を使うこともあります。

◆注意事項 ★必ずご確認ください★
・質問、メッセージの回答は夜になることが多いです。
・手渡しは対応しておりません。
・商品によって業者を変えるため【センター留め】【郵便局留め】は対応できません。
・領収書の同梱は対応しておりません。
・まとめて取引は、トラブルが多いためお断りしております。
・不具合以外での返品・交換は対応しておりません。
・Yahoo!かんたん決済の支払期限を過ぎた場合、落札者都合のキャンセルをいたします。","2990","3190","100","780"
"車＆バイク ? カーパーツ ? 外装・エアロパーツ ? ガーニッシュ","ZIANトヨタ車用C-HRCHR全グレード対応リアバンパーリフレクターリアバンパーセンター部TOYOTA車部品カスタムカーパーツ外装ドレスアップ1Pプロテクターカバー車種専用設計高耐食サビに強い(レッド)","◆適合車種：トヨタC-HRZYX10NGX50、年式：H28.12～


◆セット内容：リアバンパーレンズ*1P


◆材質：PC　、カラー：レッド


付属の両面テープで簡単にカスタム可能な車のパーツです




◆支払詳細
【お支払い方法】 Yahoo!かんたん決済r【支払い代金】 落札価格 ＋ 送料
　※ 銀行振込希望の方は、Yahoo!かんたん決済の銀行振り込みをご利用ください。
　※ 直接の銀行振込みは、お断りしております。

◆発送詳細
【送料】 ★ 全国一律料金 ★
【発送までの日数】 お支払い完了後 1～2日で発送いたします。
【配送業者】 主にヤマト運輸、日本郵便、佐川急便から発送いたします。また別の業者を使うこともあります。

◆注意事項 ★必ずご確認ください★
・質問、メッセージの回答は夜になることが多いです。
・手渡しは対応しておりません。
・商品によって業者を変えるため【センター留め】【郵便局留め】は対応できません。
・領収書の同梱は対応しておりません。
・まとめて取引は、トラブルが多いためお断りしております。
・不具合以外での返品・交換は対応しておりません。
・Yahoo!かんたん決済の支払期限を過ぎた場合、落札者都合のキャンセルをいたします。","1099","1299","100","780"
"ホーム＆キッチン ? 家具 ? リビングルーム家具 ? テレビ・オーディオ用家具 ? ゲーミングチェア","GTRACINGゲーミングチェアオフィスチェアデスクチェアゲーム用チェアリクライニングパソコンチェアハイバックヘッドレスト腰痛対策ランバーひじ掛け付き高さ調整機能PUレザーブルー(GT002)","【商品仕様】サイズ:幅67.31×奥行57.15×高さ120.65cm～132.08cm　　本体重量:約24.18kg　　張り材：PUレザー


【プロゲーマー向け】コックピットをイメージした近未来的なデザイン、ゲームに集中できる空間を作り上げ、リアルな臨場感をプラスします
更にPUレザーで高級感もUP！スタイリッシュなデザインと抜群な機能性を両立、自由なゲームスタイルに対応できます


【背もたれ調節機能】165度のリクライニング可能、椅子に座ったままでくつろぐことができます
オフィスでの休憩や仮眠にも最適です


座面とクッションは柔らかいPUレザーを使用して長時間座っていても疲れにくく快適です


【細部へのこだわり】立体的なステッチ、緻密で繊細な加工技術
GTRacingは高品質ウレタンのみ使用をしております
ガスシリンダーやキャスターはそれぞれSGSといった国際検査機関にて認証を得た部品を採用するなど細部まで妥協せず、理想の商品開発を追求しております
耐荷重136kgという頑丈な作りなので、安心して体を預けることができます


◆支払詳細
【お支払い方法】 Yahoo!かんたん決済r【支払い代金】 落札価格 ＋ 送料
　※ 銀行振込希望の方は、Yahoo!かんたん決済の銀行振り込みをご利用ください。
　※ 直接の銀行振込みは、お断りしております。

◆発送詳細
【送料】 ★ 全国一律料金 ★
【発送までの日数】 お支払い完了後 1～2日で発送いたします。
【配送業者】 主にヤマト運輸、日本郵便、佐川急便から発送いたします。また別の業者を使うこともあります。

◆注意事項 ★必ずご確認ください★
・質問、メッセージの回答は夜になることが多いです。
・手渡しは対応しておりません。
・商品によって業者を変えるため【センター留め】【郵便局留め】は対応できません。
・領収書の同梱は対応しておりません。
・まとめて取引は、トラブルが多いためお断りしております。
・不具合以外での返品・交換は対応しておりません。
・Yahoo!かんたん決済の支払期限を過ぎた場合、落札者都合のキャンセルをいたします。","18900","19100","100","780"
"車＆バイク ? バイクアクセサリ ? 車体カバー","ヤマハ(YAMAHA)バイクカバーEタイプ(2019年適合確認)国産防水厚手トリシティ90793-64408","Eタイプトリシティ


のぞかれにくい深いかぶりとスソ絞り


青色が前！前後がわかりやすいので楽々装着


ハンドルロック状態(左側)に合わせた立体裁断・風を巻き込みにくいスソ絞りタイプ


・盗難抑止対策、前後にロック用の大型スリット


◆支払詳細
【お支払い方法】 Yahoo!かんたん決済r【支払い代金】 落札価格 ＋ 送料
　※ 銀行振込希望の方は、Yahoo!かんたん決済の銀行振り込みをご利用ください。
　※ 直接の銀行振込みは、お断りしております。

◆発送詳細
【送料】 ★ 全国一律料金 ★
【発送までの日数】 お支払い完了後 1～2日で発送いたします。
【配送業者】 主にヤマト運輸、日本郵便、佐川急便から発送いたします。また別の業者を使うこともあります。

◆注意事項 ★必ずご確認ください★
・質問、メッセージの回答は夜になることが多いです。
・手渡しは対応しておりません。
・商品によって業者を変えるため【センター留め】【郵便局留め】は対応できません。
・領収書の同梱は対応しておりません。
・まとめて取引は、トラブルが多いためお断りしております。
・不具合以外での返品・交換は対応しておりません。
・Yahoo!かんたん決済の支払期限を過ぎた場合、落札者都合のキャンセルをいたします。","7470","7670","19","780"
"車＆バイク ? 洗車・工具・メンテナンス用品 ? ペイント・防錆 ? ペイント","AZ(エーゼット)RP-4ラバーペイントパールホワイトZEQUE400ml油性塗ってはがせる塗料(RP040)","容量:400ml


目安:スプレー1缶(400mlの場合)で車のタイヤホイール1本分


ご注意:色の「吹き付けイメージ」はお使いのモニタにより実際と異なる場合がございます


◆支払詳細
【お支払い方法】 Yahoo!かんたん決済r【支払い代金】 落札価格 ＋ 送料
　※ 銀行振込希望の方は、Yahoo!かんたん決済の銀行振り込みをご利用ください。
　※ 直接の銀行振込みは、お断りしております。

◆発送詳細
【送料】 ★ 全国一律料金 ★
【発送までの日数】 お支払い完了後 1～2日で発送いたします。
【配送業者】 主にヤマト運輸、日本郵便、佐川急便から発送いたします。また別の業者を使うこともあります。

◆注意事項 ★必ずご確認ください★
・質問、メッセージの回答は夜になることが多いです。
・手渡しは対応しておりません。
・商品によって業者を変えるため【センター留め】【郵便局留め】は対応できません。
・領収書の同梱は対応しておりません。
・まとめて取引は、トラブルが多いためお断りしております。
・不具合以外での返品・交換は対応しておりません。
・Yahoo!かんたん決済の支払期限を過ぎた場合、落札者都合のキャンセルをいたします。","1392","1592","100","780"
"産業・研究開発用品 ? 接着・補修 ? 接着剤","BONDIC(ボンディック)液体プラスチック接着剤スターターキットBD-SKCJ 国内 ","主な用途1:プラスチック、金属、木材、石、レンガ、セラミックなどの修理、修繕、整形


主な用途2:家庭用品の修繕、電気製品の修理(低電流・低電圧)


主な用途3:プラモデル制作、小型造形、DIYなどのホビーに


主な用途4:アクセサリーの修理やパイプの水漏れの修繕に


主な用途5:プラスチック部品のスペア成形


製造国:カナダ


使用できないもの:ポリエチレン(食品容器等)、ポリプロピレン(CDケース等)、フッ素樹脂(テフロン)、シリコーンゴム(パッキン等)、食器のひび割れ、接着面が小さいもの、発泡スチロール、アクリル樹脂等


低電圧接続(低電流)を絶縁した時のみ使用してください
AC電圧50ボルト、DC電圧120ボルトまで適用できます
高電圧範囲(200~245ボルト、AC50/60Hz以上の交流)で構成部品を絶縁、結合及び/または欠陥を修復するのに適していません
様々な材料の異なる熱膨張係数から、高い温度差の状態ではBONDICは取り外れやすくなります
◆支払詳細
【お支払い方法】 Yahoo!かんたん決済r【支払い代金】 落札価格 ＋ 送料
　※ 銀行振込希望の方は、Yahoo!かんたん決済の銀行振り込みをご利用ください。
　※ 直接の銀行振込みは、お断りしております。

◆発送詳細
【送料】 ★ 全国一律料金 ★
【発送までの日数】 お支払い完了後 1～2日で発送いたします。
【配送業者】 主にヤマト運輸、日本郵便、佐川急便から発送いたします。また別の業者を使うこともあります。

◆注意事項 ★必ずご確認ください★
・質問、メッセージの回答は夜になることが多いです。
・手渡しは対応しておりません。
・商品によって業者を変えるため【センター留め】【郵便局留め】は対応できません。
・領収書の同梱は対応しておりません。
・まとめて取引は、トラブルが多いためお断りしております。
・不具合以外での返品・交換は対応しておりません。
・Yahoo!かんたん決済の支払期限を過ぎた場合、落札者都合のキャンセルをいたします。","2642","2842","100","780"
"おもちゃ ? 電車・ミニカー・乗り物 ? 電車 ? 車両","プラレールE5系新幹線 E6系新幹線連結セット","対象性別:男の子


対象年齢:3歳から




JR東日本商品化許諾済


◆支払詳細
【お支払い方法】 Yahoo!かんたん決済r【支払い代金】 落札価格 ＋ 送料
　※ 銀行振込希望の方は、Yahoo!かんたん決済の銀行振り込みをご利用ください。
　※ 直接の銀行振込みは、お断りしております。

◆発送詳細
【送料】 ★ 全国一律料金 ★
【発送までの日数】 お支払い完了後 1～2日で発送いたします。
【配送業者】 主にヤマト運輸、日本郵便、佐川急便から発送いたします。また別の業者を使うこともあります。

◆注意事項 ★必ずご確認ください★
・質問、メッセージの回答は夜になることが多いです。
・手渡しは対応しておりません。
・商品によって業者を変えるため【センター留め】【郵便局留め】は対応できません。
・領収書の同梱は対応しておりません。
・まとめて取引は、トラブルが多いためお断りしております。
・不具合以外での返品・交換は対応しておりません。
・Yahoo!かんたん決済の支払期限を過ぎた場合、落札者都合のキャンセルをいたします。","3036","3236","100","780"
"車＆バイク ? 洗車・工具・メンテナンス用品 ? 自動車整備工具 ? 内張りはがし・クリップクランプツール","パワーシードPowseed内張り剥がし樹脂製パネルはがし4点＋クリップクランプツール5点セットハンディリムーバー内張り剥がしはがし外し工具パーツオリジナルツール(赤)","本製品は改造車やドレスアップ・チューンパーツの取付け、また日常整備などに最適
自動車の内装・外装の各部やセンターコンソール・オーディオ/カーナビ・グローブボックス・F/Rバンパー・クリップ・クランプ、サイドモール類などの脱着に便利


機械的特性に優れたエンジニアリング・プラスチックの一つ、ポリアセタール（POM）から作られた内張り剥がしは、自己潤滑性が高いことから優れた磨耗性を持ち、同時に耐疲労性、高温下でも使用に耐える耐クリープ性を持つ
また電気的特性に優れ電気絶縁性が高いという機能ももち、電子機器関連のパーツ、カバー類などでの使用にも最適だ


ハンディリムーバーは作業時に握りやすい肉厚設計です
キズをつけにくい樹脂製ですが、クリップクランプツールの先端部分が金属製で、養生テープなどでキズを防止する事をお薦めします


自動車以外でもエアコン、照明器具のパネル、ルームランプカバー等の樹脂部品の取り外しにもお使いいただけます


バッケージ内容：パネルはがし*2、内張りはがし*2、クリップクランプツール*1
100％POM製で、他の出品物より強度が強いです
両方とも買えば、一目瞭然です


◆支払詳細
【お支払い方法】 Yahoo!かんたん決済r【支払い代金】 落札価格 ＋ 送料
　※ 銀行振込希望の方は、Yahoo!かんたん決済の銀行振り込みをご利用ください。
　※ 直接の銀行振込みは、お断りしております。

◆発送詳細
【送料】 ★ 全国一律料金 ★
【発送までの日数】 お支払い完了後 1～2日で発送いたします。
【配送業者】 主にヤマト運輸、日本郵便、佐川急便から発送いたします。また別の業者を使うこともあります。

◆注意事項 ★必ずご確認ください★
・質問、メッセージの回答は夜になることが多いです。
・手渡しは対応しておりません。
・商品によって業者を変えるため【センター留め】【郵便局留め】は対応できません。
・領収書の同梱は対応しておりません。
・まとめて取引は、トラブルが多いためお断りしております。
・不具合以外での返品・交換は対応しておりません。
・Yahoo!かんたん決済の支払期限を過ぎた場合、落札者都合のキャンセルをいたします。","1199","1399","100","780"
"産業・研究開発用品 ? 衛生・清掃用品 ? 業務用洗剤 ? 業務用床洗剤","KUREパーツクリーナー#1422840ML","内容量:840ml


消防法分類:第1石油類・危険等級2


仕様:有機則規制外商品


成分:石油系溶剤・アルコール類


◆支払詳細
【お支払い方法】 Yahoo!かんたん決済r【支払い代金】 落札価格 ＋ 送料
　※ 銀行振込希望の方は、Yahoo!かんたん決済の銀行振り込みをご利用ください。
　※ 直接の銀行振込みは、お断りしております。

◆発送詳細
【送料】 ★ 全国一律料金 ★
【発送までの日数】 お支払い完了後 1～2日で発送いたします。
【配送業者】 主にヤマト運輸、日本郵便、佐川急便から発送いたします。また別の業者を使うこともあります。

◆注意事項 ★必ずご確認ください★
・質問、メッセージの回答は夜になることが多いです。
・手渡しは対応しておりません。
・商品によって業者を変えるため【センター留め】【郵便局留め】は対応できません。
・領収書の同梱は対応しておりません。
・まとめて取引は、トラブルが多いためお断りしております。
・不具合以外での返品・交換は対応しておりません。
・Yahoo!かんたん決済の支払期限を過ぎた場合、落札者都合のキャンセルをいたします。","515","715","100","780"
"車＆バイク ? カーアクセサリ ? 収納・ホルダー ? ドリンクホルダー","カーメイト車用ドリンクホルダークワトロXツインカップホルダーレザー調ブラックメッキDZ412","クセになるホールド感


コンビニコーヒーに最適設計


純正カップホルダーに差し込むだけのカンタン装着


対応サイズ:内径70~85mm・深さ62mm以上


対応ドリンク:直径70mmまでのペットボトル・缶・カップ、対角寸法72mmまでの角型ペットボトル


◆支払詳細
【お支払い方法】 Yahoo!かんたん決済r【支払い代金】 落札価格 ＋ 送料
　※ 銀行振込希望の方は、Yahoo!かんたん決済の銀行振り込みをご利用ください。
　※ 直接の銀行振込みは、お断りしております。

◆発送詳細
【送料】 ★ 全国一律料金 ★
【発送までの日数】 お支払い完了後 1～2日で発送いたします。
【配送業者】 主にヤマト運輸、日本郵便、佐川急便から発送いたします。また別の業者を使うこともあります。

◆注意事項 ★必ずご確認ください★
・質問、メッセージの回答は夜になることが多いです。
・手渡しは対応しておりません。
・商品によって業者を変えるため【センター留め】【郵便局留め】は対応できません。
・領収書の同梱は対応しておりません。
・まとめて取引は、トラブルが多いためお断りしております。
・不具合以外での返品・交換は対応しておりません。
・Yahoo!かんたん決済の支払期限を過ぎた場合、落札者都合のキャンセルをいたします。","2709","2909","100","780"
"ホーム＆キッチン ? 家電 ? キッチン家電 ? コンロ・クッキングヒーター ? カセットコンロ","イワタニカセットフー達人スリム うす型コンロ 高さ74mm CB-AS-1","サイズ:幅338×奥行272×高さ84mm


本体重量:1.2kg


材質:本体/鋼板(静電塗装)、トッププレート/フッ素コート鋼板、ごとく/耐熱アルミダイカスト、バーナー/耐熱アルミダイカスト、器具せんつまみ/ABS(アクリロニトリル・ブタジエン・スチレン)樹脂


生産国:日本




ガス消費量:約236g/h(気温20~25度の時、30分間のガス消費量を1時間換算したもの※イワタニカセットガス使用)、連続燃焼時間:約70分(温度20~25度の時、強火連続燃焼にてカセットボンベを使いきるまでの実測値)、点火方式:圧電点火方式


安全装置:圧力感知安全装置


容器着脱方式:マグネット方式


◆支払詳細
【お支払い方法】 Yahoo!かんたん決済r【支払い代金】 落札価格 ＋ 送料
　※ 銀行振込希望の方は、Yahoo!かんたん決済の銀行振り込みをご利用ください。
　※ 直接の銀行振込みは、お断りしております。

◆発送詳細
【送料】 ★ 全国一律料金 ★
【発送までの日数】 お支払い完了後 1～2日で発送いたします。
【配送業者】 主にヤマト運輸、日本郵便、佐川急便から発送いたします。また別の業者を使うこともあります。

◆注意事項 ★必ずご確認ください★
・質問、メッセージの回答は夜になることが多いです。
・手渡しは対応しておりません。
・商品によって業者を変えるため【センター留め】【郵便局留め】は対応できません。
・領収書の同梱は対応しておりません。
・まとめて取引は、トラブルが多いためお断りしております。
・不具合以外での返品・交換は対応しておりません。
・Yahoo!かんたん決済の支払期限を過ぎた場合、落札者都合のキャンセルをいたします。","4000","4200","100","780"
"車＆バイク ? バイクアクセサリ ? マウントステー・ホルダー","Tiakiaバイクスマホホルダー振れ止め脱落防止オートバイスマートフォンGPSナビ携帯固定用マウントスタンド防水に適用11ProMaxXsMaxXRX876S多機種対応角度調整360度回転脱着簡単強力な保護","★【耐久性のある頑丈な】：4角度ロックして、携帯電話が自転車にしっかりと接続されていることを確認します


★【360°自由回転】：ホルダー部分にプラスチック球を用いることで、360度自由に回転可能なので最適な視角にデバイスを調整できます
バイク運転に影響を与えなく、安全感及び安心感がいっぱいです


★【簡単なインストール】：任意の自転車のハンドルで操作するツールなしの設置、ナットの位置とロックの必要性の，手動で操作することができます


★【ユニバーサル互換性】：iPhone、Androidスマートフォン、GPSデバイスの3.5〜6.5インチに適しています




◆支払詳細
【お支払い方法】 Yahoo!かんたん決済r【支払い代金】 落札価格 ＋ 送料
　※ 銀行振込希望の方は、Yahoo!かんたん決済の銀行振り込みをご利用ください。
　※ 直接の銀行振込みは、お断りしております。

◆発送詳細
【送料】 ★ 全国一律料金 ★
【発送までの日数】 お支払い完了後 1～2日で発送いたします。
【配送業者】 主にヤマト運輸、日本郵便、佐川急便から発送いたします。また別の業者を使うこともあります。

◆注意事項 ★必ずご確認ください★
・質問、メッセージの回答は夜になることが多いです。
・手渡しは対応しておりません。
・商品によって業者を変えるため【センター留め】【郵便局留め】は対応できません。
・領収書の同梱は対応しておりません。
・まとめて取引は、トラブルが多いためお断りしております。
・不具合以外での返品・交換は対応しておりません。
・Yahoo!かんたん決済の支払期限を過ぎた場合、落札者都合のキャンセルをいたします。","1999","2199","100","780"
"車＆バイク ? バイクバッグ・ケース ? シートバッグ","タナックス(TANAX)ミニフィールドシートバッグモトフィズ(MOTOFIZZ)ブラックMFK-100","付属品:MP-12(ショルダーベルト)×1,MP-317(KシステムベルトW-T20),MP-105(接続バックル)×2,MP-157(レインカバー)×1


オプション品:MP-295(ベルト止めストッパー),MP-313(バンジーコード),MP-103(固定ベルト)


◆支払詳細
【お支払い方法】 Yahoo!かんたん決済r【支払い代金】 落札価格 ＋ 送料
　※ 銀行振込希望の方は、Yahoo!かんたん決済の銀行振り込みをご利用ください。
　※ 直接の銀行振込みは、お断りしております。

◆発送詳細
【送料】 ★ 全国一律料金 ★
【発送までの日数】 お支払い完了後 1～2日で発送いたします。
【配送業者】 主にヤマト運輸、日本郵便、佐川急便から発送いたします。また別の業者を使うこともあります。

◆注意事項 ★必ずご確認ください★
・質問、メッセージの回答は夜になることが多いです。
・手渡しは対応しておりません。
・商品によって業者を変えるため【センター留め】【郵便局留め】は対応できません。
・領収書の同梱は対応しておりません。
・まとめて取引は、トラブルが多いためお断りしております。
・不具合以外での返品・交換は対応しておりません。
・Yahoo!かんたん決済の支払期限を過ぎた場合、落札者都合のキャンセルをいたします。","9436","9636","100","780"
"車＆バイク ? カーパーツ ? ライト・ランプ ? フォグランプ","LEDフォグランプH11H16(国産車)H8H96000k-ポーペ(POOPEE)60W1200LM12V 24V兼用無極性CSPチップ搭載両面発光ホワイト高輝度2本セット1年","●ソケット形状：H11/H16/H8/H9●動作電圧：9-60V(12V/24V兼用)●色温度：ホワイト（6000K～6500K）●ルーメン：1200LM●防水ラベル：IP65●無極性●2本セット


●高輝度発光色は自然の昼光色（6500K）です
定電路回路と過電圧保護回路で安定発光、HIDより省エネ高効率作動で直視できないほど明るさを実現します


●高輝度CSPLEDチップを12基搭載最新型CSPLEDを搭載したバルブ1個で全光束1200LMの大光量を誇るフォグランプ専用球です
明るいだけでなく抜群の視認性を確保した高輝度フォグランプ
明るさと視認性の両立を実現しました


●アルミ合金ボディ航空用アルミ合金を採用、高温にも耐えられる非常に優れた耐熱性・放熱性を実現！！さらに外部からの働撃を緩和できます
使用寿命は50000時間以上が実現します


●取付簡単シンプルなデザインで、複雑な配線がなし、素人でも簡単に取り付けられます
更に防水ラベルはIP65になり、雨の中でも安全に運転出来ます


◆支払詳細
【お支払い方法】 Yahoo!かんたん決済r【支払い代金】 落札価格 ＋ 送料
　※ 銀行振込希望の方は、Yahoo!かんたん決済の銀行振り込みをご利用ください。
　※ 直接の銀行振込みは、お断りしております。

◆発送詳細
【送料】 ★ 全国一律料金 ★
【発送までの日数】 お支払い完了後 1～2日で発送いたします。
【配送業者】 主にヤマト運輸、日本郵便、佐川急便から発送いたします。また別の業者を使うこともあります。

◆注意事項 ★必ずご確認ください★
・質問、メッセージの回答は夜になることが多いです。
・手渡しは対応しておりません。
・商品によって業者を変えるため【センター留め】【郵便局留め】は対応できません。
・領収書の同梱は対応しておりません。
・まとめて取引は、トラブルが多いためお断りしております。
・不具合以外での返品・交換は対応しておりません。
・Yahoo!かんたん決済の支払期限を過ぎた場合、落札者都合のキャンセルをいたします。","3143","3343","14","780"
"ホビー ? ラジコン ? パーツ・アクセサリー ? モーター・ESC・駆動系パーツ ? ブレーキ・パーツ","Quimat歯車80個プラスチックギアパックウォームブレーキラックおもちゃ車修理DIYパーツQY16","おもちゃは、スペアパーツのパッケージをギアのための製品です


DIY車、ロボット、モデル製作アクセサリーのすべての種類のための素晴らしいツールになります


DIYモデルの生産技術に適しています


これは最も完全なギアセットですが、80種類の歯車部品が含まれています


あなたのDIYニーズを満たすことができます


◆支払詳細
【お支払い方法】 Yahoo!かんたん決済r【支払い代金】 落札価格 ＋ 送料
　※ 銀行振込希望の方は、Yahoo!かんたん決済の銀行振り込みをご利用ください。
　※ 直接の銀行振込みは、お断りしております。

◆発送詳細
【送料】 ★ 全国一律料金 ★
【発送までの日数】 お支払い完了後 1～2日で発送いたします。
【配送業者】 主にヤマト運輸、日本郵便、佐川急便から発送いたします。また別の業者を使うこともあります。

◆注意事項 ★必ずご確認ください★
・質問、メッセージの回答は夜になることが多いです。
・手渡しは対応しておりません。
・商品によって業者を変えるため【センター留め】【郵便局留め】は対応できません。
・領収書の同梱は対応しておりません。
・まとめて取引は、トラブルが多いためお断りしております。
・不具合以外での返品・交換は対応しておりません。
・Yahoo!かんたん決済の支払期限を過ぎた場合、落札者都合のキャンセルをいたします。","1399","1599","100","780"
"スポーツ＆アウトドア ? 自転車 ? 自転車パーツ ? ペダル","BIKEIN自転車用ペダルマウンテンバイクベアリング ペダル9 16inナイロン材質サイクリング小径車滑り止め自転車部品","►材質は超軽量のナイロンで、軽いけど丈夫であり、性能も強いし、耐久性もよい


►耐腐蝕性ある主ベアリングや滑り止めネジやナイロン繊維主体やアルミ合金ネジ滑り止め釘という特性があるから、自転車ペダルはもっと丈夫であり、滑りを防止できまして、サイクリングの安全性を守り、サイクリングの興味を楽しまれます


►製品重量：約0.78LB（355g）/セット；2.装置工具：15mm六角ペダル・レンチ；3.サイズ：4.84”*4.15”*0.94”/123mm*105.5mm*24mm；4.4）ベアリング数量：1個；5.5）色：ブラック/レッド/ブルー/オレンジ


►取り付け：Lは左ペダル　Rは右ペダル　取り付ける時、LとRを区別してください
ねじ山は9/16inであり、直径は1.43cmであり、ロードバイクマウンテンバイクや小径車に最適です




◆支払詳細
【お支払い方法】 Yahoo!かんたん決済r【支払い代金】 落札価格 ＋ 送料
　※ 銀行振込希望の方は、Yahoo!かんたん決済の銀行振り込みをご利用ください。
　※ 直接の銀行振込みは、お断りしております。

◆発送詳細
【送料】 ★ 全国一律料金 ★
【発送までの日数】 お支払い完了後 1～2日で発送いたします。
【配送業者】 主にヤマト運輸、日本郵便、佐川急便から発送いたします。また別の業者を使うこともあります。

◆注意事項 ★必ずご確認ください★
・質問、メッセージの回答は夜になることが多いです。
・手渡しは対応しておりません。
・商品によって業者を変えるため【センター留め】【郵便局留め】は対応できません。
・領収書の同梱は対応しておりません。
・まとめて取引は、トラブルが多いためお断りしております。
・不具合以外での返品・交換は対応しておりません。
・Yahoo!かんたん決済の支払期限を過ぎた場合、落札者都合のキャンセルをいたします。","2099","2299","15","780"
"車＆バイク ? カーアクセサリ ? ソケット分配器","カーメイト車用電源ユニット増設ハイエース(H200系)専用プレミアムNZ586","ハイエース(H200系)専用設計の、内装にマッチする増設電源


本製品はハイエース(H200系)専用品です
形・デザインともにハイエースの純正車内にマッチしています
特別な知識や面倒な配線は必要ありません


本製品を使用することで1ソケットから2ソケット&2USBに増設することができます
増設することで電装機器の使い方の幅が広がります(合計7A)


USBの合計出力が3Aあるので、様々な電装機器が快適に使うことができます
当社従来品よりも出力上限が大きいハイパワー電源です


本製品は「オートチャージIC」を内蔵しています
これにより、本製品に接続された機器に最適な電流を自動判別し、電気を流すことができます


◆支払詳細
【お支払い方法】 Yahoo!かんたん決済r【支払い代金】 落札価格 ＋ 送料
　※ 銀行振込希望の方は、Yahoo!かんたん決済の銀行振り込みをご利用ください。
　※ 直接の銀行振込みは、お断りしております。

◆発送詳細
【送料】 ★ 全国一律料金 ★
【発送までの日数】 お支払い完了後 1～2日で発送いたします。
【配送業者】 主にヤマト運輸、日本郵便、佐川急便から発送いたします。また別の業者を使うこともあります。

◆注意事項 ★必ずご確認ください★
・質問、メッセージの回答は夜になることが多いです。
・手渡しは対応しておりません。
・商品によって業者を変えるため【センター留め】【郵便局留め】は対応できません。
・領収書の同梱は対応しておりません。
・まとめて取引は、トラブルが多いためお断りしております。
・不具合以外での返品・交換は対応しておりません。
・Yahoo!かんたん決済の支払期限を過ぎた場合、落札者都合のキャンセルをいたします。","4307","4507","100","780"
"ジュエリー ? 小物 ? キーホルダー"," ガーディアンベル GUARDIANBELLお守りバイカーキーホルダー交通安全魔除けベル;AMGB-052","SugarSkullメキシコでは、死は消えてなくなるものではなく、生へと繋ぐもの、再生を意味します
いつか必ず訪れる死を、笑顔で迎えられるように、毎日を大切に楽しく生きていきたいそんな思いも込められています
ガイコツ（スカル）には自由を意味するという説もあります


素材：ピューター合金（錫）付属品：専用ギフトポーチ


サイズ：本体　38-40mmx23-26mmリング部分　25mm


※金属製のため、周辺部品に傷を付ける恐れがあります
お取り扱いにご注意ください
※輸入製品につき部分的にキズやダメージがある場合もございます


※金具等の付属品は正しくお使い下さい
　お取り扱いにはご注意くださいませ
※細かなパーツが含まれておりますので、小さなお子様が誤飲されませんよう取扱いにご注意ください


◆支払詳細
【お支払い方法】 Yahoo!かんたん決済r【支払い代金】 落札価格 ＋ 送料
　※ 銀行振込希望の方は、Yahoo!かんたん決済の銀行振り込みをご利用ください。
　※ 直接の銀行振込みは、お断りしております。

◆発送詳細
【送料】 ★ 全国一律料金 ★
【発送までの日数】 お支払い完了後 1～2日で発送いたします。
【配送業者】 主にヤマト運輸、日本郵便、佐川急便から発送いたします。また別の業者を使うこともあります。

◆注意事項 ★必ずご確認ください★
・質問、メッセージの回答は夜になることが多いです。
・手渡しは対応しておりません。
・商品によって業者を変えるため【センター留め】【郵便局留め】は対応できません。
・領収書の同梱は対応しておりません。
・まとめて取引は、トラブルが多いためお断りしております。
・不具合以外での返品・交換は対応しておりません。
・Yahoo!かんたん決済の支払期限を過ぎた場合、落札者都合のキャンセルをいたします。","1950","2150","100","780"
"車＆バイク ? カーパーツ ? ライト・ランプ ? LEDテープ","Wsiiroon車60LEDRGBテープライトUSB式車内装飾用音に反応防水全8色に切替高輝度フットランプ足下照明リモコン付き","🎵【60LEDライト】四本のテープライトを1セットで、好きな場面で簡単に取り付ける装飾用のLEDライトです
高輝度のLEDビーズを採用し、4本*15LED合計60LEDが付いたので、夜では雰囲気が一新になります
（念のため、次は取り付ける方法について説明させていただきます
製品が反応しない場合、IR受信機が隠れられたからリモコンでコントロールできなくなると思います
例えばお客さんは外観をよくするために取り付ける時にわざとIR受信機を隠した、それでリモコンからの電波はIR受信機に届けなくなります
使用できない場合は、リモコンをIR受信機に向いて操作してください
また、製品を設置完了後、このIR受信機はずっと外に露出していることをお勧めします
）


🎵【8色変更可能】ホワイト、レッド、ブルー、グリーン、イェロー、ピンク、オレンジ、ウォーターブルー
合わせて8種類のカラーがお好みに調整可能です
車内の足元にセットするだけで雰囲気がヒートアップ！


🎵【豊富な機能】リモコン操作でカラーや明るさが調整でき、赤、緑、青など8色も自由に変更できます
また二つの点滅モードと二つのフェードモードで合わせて四種類の自動カラーチェンジが可能です
それに、四つの音楽モードが搭載され、音楽に合わせてフラッシュしながら色を切り替えます
ご注意：リモコンの電池部分に絶縁ビニールが入っていますので、使用前に絶縁ビニールを抜き取ってください
リモコンはコントローラーの受信端に向けてご利用下さい
受信端と違う方向に操作すると、うまく反応しません


🎵【簡単設置】テープライトの裏側に粘着テープが付属していたので設置場所に困りません
また、LEDライトの部分はシリコーンの素材が採用し、防水仕様なので水に接触しても安心できます


USBインターフェイスなので、あらゆる車種に装着可能です
車ではなくUSBポートのある場所はどこでも使用可能です
自宅テレビの後ろに着け間接照明とパーティーの装飾などにも使えます


◆支払詳細
【お支払い方法】 Yahoo!かんたん決済r【支払い代金】 落札価格 ＋ 送料
　※ 銀行振込希望の方は、Yahoo!かんたん決済の銀行振り込みをご利用ください。
　※ 直接の銀行振込みは、お断りしております。

◆発送詳細
【送料】 ★ 全国一律料金 ★
【発送までの日数】 お支払い完了後 1～2日で発送いたします。
【配送業者】 主にヤマト運輸、日本郵便、佐川急便から発送いたします。また別の業者を使うこともあります。

◆注意事項 ★必ずご確認ください★
・質問、メッセージの回答は夜になることが多いです。
・手渡しは対応しておりません。
・商品によって業者を変えるため【センター留め】【郵便局留め】は対応できません。
・領収書の同梱は対応しておりません。
・まとめて取引は、トラブルが多いためお断りしております。
・不具合以外での返品・交換は対応しておりません。
・Yahoo!かんたん決済の支払期限を過ぎた場合、落札者都合のキャンセルをいたします。","1799","1999","100","780"
"車＆バイク ? カーアクセサリ ? 携帯電話・スマートフォンアクセサリ ? 車載ホルダー","OHLPROタブレットスマホスタンド車載スマホホルダーマグネット吸盤式360度回転自由調節スマホ タブレットホルダー両方対応用4-10.5インチの製品に適用","1、使用機能の特徴：このタブレットホルダーは運転中にスマホーとタブレットでナビゲーションを使うことをよく解決します、スマホーとタブレット通用できるスタントは市場ではまだ少ない、吸盤式のゲルはもっとフロントガラスに適用され、ナビゲーション中に視線を隠しないように安全確保するため、スマホーやタブレットはダシューボードに使うのをお進めします


2、兼用性特徴：六つの強いマグネットはIos/Androidなどのスマホーをしっかりと固定され、Phone7Plus、7、6SPlus、6s、SE、5s、4s、iPod、三星のGalaxy　S8、S7Edge、S7S6などすべての4~10.5インチのスマホーに適用します


3、材質特徴:吸盤式のステントは耐候(POMプラスチック素材)を採用して、吸盤は耐温tpuを採用して使用寿命の延長することができます、ダシューボードやフロントガラスにしっかりと固定するように吸盤を取り付け前にダシューボードやフロントガラスにきれいにしてください


4、多機能特徴：スタント台座は360度回転ボールジョイントにより、任意の位置でスマホーやタブレットを回転させることができ、運転中の美しい景色を楽しむことができます
丈夫なアームは190度で調整でき、運転中に視線が遮られません、取り付けもカンタンで、凸凹な道やコーナーであっても、タブレットやスマホーをしっかりと固定することができ、厳しい車の吸引テストに合格しています


5、ベストサービス提供！このセットは2個方形の金属板(3Mテープ付き)を付属しています


◆支払詳細
【お支払い方法】 Yahoo!かんたん決済r【支払い代金】 落札価格 ＋ 送料
　※ 銀行振込希望の方は、Yahoo!かんたん決済の銀行振り込みをご利用ください。
　※ 直接の銀行振込みは、お断りしております。

◆発送詳細
【送料】 ★ 全国一律料金 ★
【発送までの日数】 お支払い完了後 1～2日で発送いたします。
【配送業者】 主にヤマト運輸、日本郵便、佐川急便から発送いたします。また別の業者を使うこともあります。

◆注意事項 ★必ずご確認ください★
・質問、メッセージの回答は夜になることが多いです。
・手渡しは対応しておりません。
・商品によって業者を変えるため【センター留め】【郵便局留め】は対応できません。
・領収書の同梱は対応しておりません。
・まとめて取引は、トラブルが多いためお断りしております。
・不具合以外での返品・交換は対応しておりません。
・Yahoo!かんたん決済の支払期限を過ぎた場合、落札者都合のキャンセルをいたします。","1780","1980","100","780"
"車＆バイク ? カーナビ・カーエレクトロニクス ? 車載モニターアクセサリ","carozeトヨタ ダイハツ純正ナビ用走行中でもテレビが視聴可能になるテレビキット","トヨタ/ダイハツ純正ナビゲーションで走行中にテレビやDVDを視聴できるようになる商品です


当商品はカプラー式(コネクター)になっており、ナビ本体を取り外し、ナビ本体と純正配線の間に差し込んでアース線を付けるだけです


配線の加工や改造などを施す必要が無く、簡単に取付け取り外しが可能です


取り付け後、ナビゲーションの通常の機能(ドライブレコーダー・ETC・バックカメラ・DVD視聴など)を損なうことなく従来通りご使用頂けます


◆支払詳細
【お支払い方法】 Yahoo!かんたん決済r【支払い代金】 落札価格 ＋ 送料
　※ 銀行振込希望の方は、Yahoo!かんたん決済の銀行振り込みをご利用ください。
　※ 直接の銀行振込みは、お断りしております。

◆発送詳細
【送料】 ★ 全国一律料金 ★
【発送までの日数】 お支払い完了後 1～2日で発送いたします。
【配送業者】 主にヤマト運輸、日本郵便、佐川急便から発送いたします。また別の業者を使うこともあります。

◆注意事項 ★必ずご確認ください★
・質問、メッセージの回答は夜になることが多いです。
・手渡しは対応しておりません。
・商品によって業者を変えるため【センター留め】【郵便局留め】は対応できません。
・領収書の同梱は対応しておりません。
・まとめて取引は、トラブルが多いためお断りしております。
・不具合以外での返品・交換は対応しておりません。
・Yahoo!かんたん決済の支払期限を過ぎた場合、落札者都合のキャンセルをいたします。","580","780","100","780"
"車＆バイク ? カーアクセサリ ? ルームミラー","カーメイト車用ルームミラーホンダ純正ミラー専用3000SRハイビームの眩しさカットブルーNZ581","ホンダ車の後席シートベルト警告灯が付いている純正ミラー専用設計


純正ミラーにかぶせるだけの簡単取り付け


ワイドな視界と自然な距離感を確保する曲率半径(3000R)を採用


後続車のハイビームの眩しさを大幅にカットする高級ブルー鏡


視界面積拡大約2.0倍で自然な距離感でよく見える
ホンダN-BOXにおすすめ


本製品は、ホンダ車の後席シートベルト締め忘れ警告灯がついている純正ミラー専用品です(画像2参照)純正オプション等のルームミラーカバーとの併用はできません


ホンダN-BOX(2017.9~)G・LターボHondaSENSING/G・EXHondaSENSING/G・EXターボHondaSENSING/G・スロープLターボHondaSENSINGのミラーに適合します


HondaSENSING/G・LHondaSENSING/G・スロープLHondaSENSINGの「前席用i-サイドエアバッグシステム+サイドカーテンエアバッグシステム〈前席/後席対応〉」装着車のミラーに適合します
G・スロープLHondaSENSINGの「車いす専用装備」非搭載車のミラーに適合します
-BOXcustom(2017.9~)G・LターボHondaSENSING/G・EXHondaSENSING/G・EXターボHondaSENSING/G・スロープLターボHondaSENSINGのミラーに適合します
G・L/G・スロープLの「HondaSENSING」搭載車のミラーに適合します
N-WGN(2013.11~)あんしんパッケージ装着車のミラーに適合します
◆支払詳細
【お支払い方法】 Yahoo!かんたん決済r【支払い代金】 落札価格 ＋ 送料
　※ 銀行振込希望の方は、Yahoo!かんたん決済の銀行振り込みをご利用ください。
　※ 直接の銀行振込みは、お断りしております。

◆発送詳細
【送料】 ★ 全国一律料金 ★
【発送までの日数】 お支払い完了後 1～2日で発送いたします。
【配送業者】 主にヤマト運輸、日本郵便、佐川急便から発送いたします。また別の業者を使うこともあります。

◆注意事項 ★必ずご確認ください★
・質問、メッセージの回答は夜になることが多いです。
・手渡しは対応しておりません。
・商品によって業者を変えるため【センター留め】【郵便局留め】は対応できません。
・領収書の同梱は対応しておりません。
・まとめて取引は、トラブルが多いためお断りしております。
・不具合以外での返品・交換は対応しておりません。
・Yahoo!かんたん決済の支払期限を過ぎた場合、落札者都合のキャンセルをいたします。","3409","3609","100","780"
"車＆バイク ? カーアクセサリ ? イルミネーション","イルミライト車用USBイルミカバー 7色セット 車内照明室内夜間ライトLEDブルーレッドグリーンホワイトアイスブルーパープルオレンジ7個入りUSBEL-011","【7色セット】ブルーレッドグリーンホワイトアイスブルーパープルオレンジ7つ発光色あり、気分によってお好みな色を自由に使え、車イルミネーションに最適


【高品質】一つのusbライト部分は２枚の高輝度LEDチップが搭載、小さくて明るい；カバー部分は耐熱･防水性能が優れるABS素材を採用、耐久性が良い


【多用途】①usbシガーソケットの隠し及びホコリ進入防止　②車内コンソールボックスの補助照明　③パソコンの通電確認　④お洒落な車内アクセサリー


【小型・軽量】コンパクトなデザインなので、小型で軽い、どこへも携帯便利です


【贈り物用】ビジネスプレゼント、社員福利厚生、カーディーラープレゼントとしてはとても人気


◆支払詳細
【お支払い方法】 Yahoo!かんたん決済r【支払い代金】 落札価格 ＋ 送料
　※ 銀行振込希望の方は、Yahoo!かんたん決済の銀行振り込みをご利用ください。
　※ 直接の銀行振込みは、お断りしております。

◆発送詳細
【送料】 ★ 全国一律料金 ★
【発送までの日数】 お支払い完了後 1～2日で発送いたします。
【配送業者】 主にヤマト運輸、日本郵便、佐川急便から発送いたします。また別の業者を使うこともあります。

◆注意事項 ★必ずご確認ください★
・質問、メッセージの回答は夜になることが多いです。
・手渡しは対応しておりません。
・商品によって業者を変えるため【センター留め】【郵便局留め】は対応できません。
・領収書の同梱は対応しておりません。
・まとめて取引は、トラブルが多いためお断りしております。
・不具合以外での返品・交換は対応しておりません。
・Yahoo!かんたん決済の支払期限を過ぎた場合、落札者都合のキャンセルをいたします。","1099","1299","100","780"
"車＆バイク ? カーパーツ ? ライト・ランプ ? ヘッドライト ? LEDバルブ"," 2019年最強業界初モデル SUPAREE一体型H4バイクledヘッドライトH4Hi Loledバルブ車検対応6500K27Wホワイト8000LMライトバルブ1個入3年","簡単ポン付けで装着が更に楽になりました
本体の台座前にファンを搭載する事でライト内排気循環効率、耐久性が抜群に向上しました
また高品質LEDチップを採用していますので長寿命、放熱性、省電力効果抜群の逸品です


【新車検対応】車検新基準、すれ違い用前照灯（ロービーム）に対応しています
　※ご注意※　本品は汎用品の為、バイク側のリフレクターに依存する形となりますので、照射の形状はバイクにより異なる場合がございます
また、車検に関しては、地域により検査員の基準が異なる場合がございます


【光軸調整フリー】H4のハロゲンバルブは、中心線に対して7.5度位の傾きがあります
こちらの商品はその傾きは再現されています
純正フィラメントと同位置での発光を実現していますので、H4はバルブでの光軸調整は不要です
切れのいいカットライン、HIDより瞬時に立ち上がり、明るく、快適、安全なドライビングをお楽しみください
面倒な光軸調整、固定工具作業等は必要ございません
　※ご注意※ハロゲンを極力再現した汎用バルブになります
H4は、光軸フリーの為、装着はバイク側に依存する形となります
その為、一部のバイクでは傾きや台座を削るといった加工が必要になる場合がございます
照射についても、バイク側のリフレクターの反射位置に依存するため、一部のバイクでは光軸や配光が合わない場合がございます
（その際は、バイク側での調整が必要になります）


【商品スペック】車/バイク用LEDヘッドライト　ノイズキャンセラー内蔵、無極性設計、定電流保護回路搭載　DC11-30Vまでのワイドレンジに対応する定電流回路を搭載しています




◆支払詳細
【お支払い方法】 Yahoo!かんたん決済r【支払い代金】 落札価格 ＋ 送料
　※ 銀行振込希望の方は、Yahoo!かんたん決済の銀行振り込みをご利用ください。
　※ 直接の銀行振込みは、お断りしております。

◆発送詳細
【送料】 ★ 全国一律料金 ★
【発送までの日数】 お支払い完了後 1～2日で発送いたします。
【配送業者】 主にヤマト運輸、日本郵便、佐川急便から発送いたします。また別の業者を使うこともあります。

◆注意事項 ★必ずご確認ください★
・質問、メッセージの回答は夜になることが多いです。
・手渡しは対応しておりません。
・商品によって業者を変えるため【センター留め】【郵便局留め】は対応できません。
・領収書の同梱は対応しておりません。
・まとめて取引は、トラブルが多いためお断りしております。
・不具合以外での返品・交換は対応しておりません。
・Yahoo!かんたん決済の支払期限を過ぎた場合、落札者都合のキャンセルをいたします。","3390","3590","100","780"
"スポーツ＆アウトドア ? 自転車 ? 自転車アクセサリー ? アクセサリーホルダー","自転車スマホホルダー振れ止め脱落防止強力固定360度回転できるロードバイクスマホスタンドスマホ固定用取付簡単GPSナビマウントiphone Android多機種対応","【安定構造、脱落防止】スマートフォンの４角を挟み込む4点固定タイプ、両辺固定構造またはそのほかの構造に比べれば遥かに安定的、脱落防止できます
どの方向からの強烈な揺れか振動でもスマホを四角のぶつかり防止、しっかりと固定できます


【材質が長く使える】鈎爪は特殊ナイロン材質で、普通のプラスチックより弾力、抗劣化性、耐久性が良い、携帯電話を効果的に守ることができます


【360度回転】スマホ取り付け部分はボールジョイント構造で、自分のお好みの配置に、360度自由調整、微妙な角度調整もできます


【伸縮自在のホルダー、多機種対応】フレキシブルアームがつき、最小115mm～最大175mmまで開閉が可能なスマホホルダーで、大きさ3.5～6.4インチまでのスマートフォンを取り付けることができます
（この範囲を超えると携帯電話は固定されない可能性があります）


【取付け簡単】工具要らずで簡単取付！マウントタイプで、自転車のハンドルバーに固定するには工具を要らず、ネジで留めるだけでOK、だれでもすぐに取付が可能です


◆支払詳細
【お支払い方法】 Yahoo!かんたん決済r【支払い代金】 落札価格 ＋ 送料
　※ 銀行振込希望の方は、Yahoo!かんたん決済の銀行振り込みをご利用ください。
　※ 直接の銀行振込みは、お断りしております。

◆発送詳細
【送料】 ★ 全国一律料金 ★
【発送までの日数】 お支払い完了後 1～2日で発送いたします。
【配送業者】 主にヤマト運輸、日本郵便、佐川急便から発送いたします。また別の業者を使うこともあります。

◆注意事項 ★必ずご確認ください★
・質問、メッセージの回答は夜になることが多いです。
・手渡しは対応しておりません。
・商品によって業者を変えるため【センター留め】【郵便局留め】は対応できません。
・領収書の同梱は対応しておりません。
・まとめて取引は、トラブルが多いためお断りしております。
・不具合以外での返品・交換は対応しておりません。
・Yahoo!かんたん決済の支払期限を過ぎた場合、落札者都合のキャンセルをいたします。","1029","1229","100","780"
"パソコン・周辺機器 ? PCアクセサリ・サプライ ? モニタアクセサリ ? モニタアーム&スタンド","エルゴトロンLXデスクマウントモニターアームアルミニウム45-241-026","スクリーンサイズ・荷重範囲:34インチまで、3.2㎏から11.3㎏まで


取扱説明書に従い組み立て、モニターを取り付けてから各部の調整を行ってください
組み立て前の状態では各部の調整はできません


デスククランプ、グロメットマウント付き


大切に保管ください
モニターは別売りとなります


昇降範囲:33㎝(9.1㎏以上のモニターでは最大11㎝の昇降範囲の減少が起こる可能性があります)


VESA:MIS-D、MIS-C(100x100㎜、75x75㎜)




製品本体重量:3.6㎏


◆支払詳細
【お支払い方法】 Yahoo!かんたん決済r【支払い代金】 落札価格 ＋ 送料
　※ 銀行振込希望の方は、Yahoo!かんたん決済の銀行振り込みをご利用ください。
　※ 直接の銀行振込みは、お断りしております。

◆発送詳細
【送料】 ★ 全国一律料金 ★
【発送までの日数】 お支払い完了後 1～2日で発送いたします。
【配送業者】 主にヤマト運輸、日本郵便、佐川急便から発送いたします。また別の業者を使うこともあります。

◆注意事項 ★必ずご確認ください★
・質問、メッセージの回答は夜になることが多いです。
・手渡しは対応しておりません。
・商品によって業者を変えるため【センター留め】【郵便局留め】は対応できません。
・領収書の同梱は対応しておりません。
・まとめて取引は、トラブルが多いためお断りしております。
・不具合以外での返品・交換は対応しておりません。
・Yahoo!かんたん決済の支払期限を過ぎた場合、落札者都合のキャンセルをいたします。","14391","14591","100","780"
"おもちゃ ? ブロック","レゴ(LEGO)クラシック基礎板(グリーン)10700","・サイズ:25センチ×25センチ●32ポッチx32ポッチ


・基礎板(ベースプレート)は、作品の組立、展示、あそびの土台として欠かせないアイテムです


・基礎板でレゴの世界をさらにクリエイティブに拡げよう
基礎板(グリーン)はデュプロ以外のすべてのレゴセットと組み合わせられます


・基礎板(グリーン)はお花いっぱいのお庭やファンタジーの森、緑ゆたかな草原など、様々なシーンに見立てて使うことができ、お子様の創造力の実現と想像力の成長をお手伝いします


・ブロックは含まれていません


◆支払詳細
【お支払い方法】 Yahoo!かんたん決済r【支払い代金】 落札価格 ＋ 送料
　※ 銀行振込希望の方は、Yahoo!かんたん決済の銀行振り込みをご利用ください。
　※ 直接の銀行振込みは、お断りしております。

◆発送詳細
【送料】 ★ 全国一律料金 ★
【発送までの日数】 お支払い完了後 1～2日で発送いたします。
【配送業者】 主にヤマト運輸、日本郵便、佐川急便から発送いたします。また別の業者を使うこともあります。

◆注意事項 ★必ずご確認ください★
・質問、メッセージの回答は夜になることが多いです。
・手渡しは対応しておりません。
・商品によって業者を変えるため【センター留め】【郵便局留め】は対応できません。
・領収書の同梱は対応しておりません。
・まとめて取引は、トラブルが多いためお断りしております。
・不具合以外での返品・交換は対応しておりません。
・Yahoo!かんたん決済の支払期限を過ぎた場合、落札者都合のキャンセルをいたします。","868","1068","100","780"
"車＆バイク ? カーパーツ ? ライト・ランプ ? LEDテープ","Wsiiroon車60LEDRGBテープライトUSB式車内装飾用音に反応防水全8色に切替高輝度フットランプ足下照明リモコン付き","🎵【60LEDライト】四本のテープライトを1セットで、好きな場面で簡単に取り付ける装飾用のLEDライトです
高輝度のLEDビーズを採用し、4本*15LED合計60LEDが付いたので、夜では雰囲気が一新になります
（念のため、次は取り付ける方法について説明させていただきます
製品が反応しない場合、IR受信機が隠れられたからリモコンでコントロールできなくなると思います
例えばお客さんは外観をよくするために取り付ける時にわざとIR受信機を隠した、それでリモコンからの電波はIR受信機に届けなくなります
使用できない場合は、リモコンをIR受信機に向いて操作してください
また、製品を設置完了後、このIR受信機はずっと外に露出していることをお勧めします
）


🎵【8色変更可能】ホワイト、レッド、ブルー、グリーン、イェロー、ピンク、オレンジ、ウォーターブルー
合わせて8種類のカラーがお好みに調整可能です
車内の足元にセットするだけで雰囲気がヒートアップ！


🎵【豊富な機能】リモコン操作でカラーや明るさが調整でき、赤、緑、青など8色も自由に変更できます
また二つの点滅モードと二つのフェードモードで合わせて四種類の自動カラーチェンジが可能です
それに、四つの音楽モードが搭載され、音楽に合わせてフラッシュしながら色を切り替えます
ご注意：リモコンの電池部分に絶縁ビニールが入っていますので、使用前に絶縁ビニールを抜き取ってください
リモコンはコントローラーの受信端に向けてご利用下さい
受信端と違う方向に操作すると、うまく反応しません


🎵【簡単設置】テープライトの裏側に粘着テープが付属していたので設置場所に困りません
また、LEDライトの部分はシリコーンの素材が採用し、防水仕様なので水に接触しても安心できます


USBインターフェイスなので、あらゆる車種に装着可能です
車ではなくUSBポートのある場所はどこでも使用可能です
自宅テレビの後ろに着け間接照明とパーティーの装飾などにも使えます


◆支払詳細
【お支払い方法】 Yahoo!かんたん決済r【支払い代金】 落札価格 ＋ 送料
　※ 銀行振込希望の方は、Yahoo!かんたん決済の銀行振り込みをご利用ください。
　※ 直接の銀行振込みは、お断りしております。

◆発送詳細
【送料】 ★ 全国一律料金 ★
【発送までの日数】 お支払い完了後 1～2日で発送いたします。
【配送業者】 主にヤマト運輸、日本郵便、佐川急便から発送いたします。また別の業者を使うこともあります。

◆注意事項 ★必ずご確認ください★
・質問、メッセージの回答は夜になることが多いです。
・手渡しは対応しておりません。
・商品によって業者を変えるため【センター留め】【郵便局留め】は対応できません。
・領収書の同梱は対応しておりません。
・まとめて取引は、トラブルが多いためお断りしております。
・不具合以外での返品・交換は対応しておりません。
・Yahoo!かんたん決済の支払期限を過ぎた場合、落札者都合のキャンセルをいたします。","1799","1999","100","780"
"産業・研究開発用品 ? エレクトロニクス部品 ? 制御部品 ? 工業用スイッチ ? ロッカスイッチ","mxuteuk5個スナップインボートロッカースイッチトグルパワーSPSTオン オフ2ピンAC250V6A125V10A 自動車用オートボート家電用1年MXU1-1-101","製品名：ロッカースイッチ
高品質ポリアミドeP（ナイロンPA66）製、耐腐食性、耐酸性および耐アルカリ性、耐熱性、銀端子、新しい、長寿命のロッカースイッチ


モデル：KCD1-1-101
カラー：ブラック
タイプ：オン/オフ（SPST）
端子：2ピン
定格電圧：AC250V6A、AC125V10A


取り付け穴のサイズ：19x12.5x22mm（L*W*奥行き）;合計サイズ（それぞれ）：21x15x24mm（L*W*H）




このロッカースイッチ電気製品、楽器、車、ボート、ライト、ウォーターディスペンサー、トレッドミル、コーヒーポット、スピーカー、電気自動車、オートバイ、テレビ、マッサージ機などの家電製品に幅広く使用されています


◆支払詳細
【お支払い方法】 Yahoo!かんたん決済r【支払い代金】 落札価格 ＋ 送料
　※ 銀行振込希望の方は、Yahoo!かんたん決済の銀行振り込みをご利用ください。
　※ 直接の銀行振込みは、お断りしております。

◆発送詳細
【送料】 ★ 全国一律料金 ★
【発送までの日数】 お支払い完了後 1～2日で発送いたします。
【配送業者】 主にヤマト運輸、日本郵便、佐川急便から発送いたします。また別の業者を使うこともあります。

◆注意事項 ★必ずご確認ください★
・質問、メッセージの回答は夜になることが多いです。
・手渡しは対応しておりません。
・商品によって業者を変えるため【センター留め】【郵便局留め】は対応できません。
・領収書の同梱は対応しておりません。
・まとめて取引は、トラブルが多いためお断りしております。
・不具合以外での返品・交換は対応しておりません。
・Yahoo!かんたん決済の支払期限を過ぎた場合、落札者都合のキャンセルをいたします。","999","1199","100","780"
"車＆バイク ? カーパーツ ? ライト・ランプ ? ルームランプ","OPPLIGHTルーミーLEDルームランプホワイトトヨタルーミータンクダイハツトールスバルジャスティ室内灯専用設計爆光6000KカスタムパーツLEDバルブ取付簡単取付書付き一年8点セット(トヨタルーミー タンク ダイハツトール スバルジャスティ用)","製品情報：LEDルームランプ【適合車種】:トヨタルーミー/タンクダイハツトールスバルジャスティ【発光カラー】ホワイト6000K【セット内容】:フロントランプ×2、センターランプ×1、ラゲッジランプ×2、スライドドアランプ×2、リアパーソナルランプ×1、全8点


高輝度SMDLEDチップ採用：本製品は車の室内の明るさを求めるために、一つLEDの中に発光点が三つ搭載されている3チップSMDを採用していますので、驚きほどの明るさ、室内を明るく照らします


専用設計のフィット感：本製品は現車から採寸し、専用に設計されたLEDルームランプなので、配線や加工などは要りません


（＋−の極性がございますので、点灯しない場合はプラスマイナス入れ替えをお試しください）


出荷前、全ての商品は点灯試験を行っております


◆支払詳細
【お支払い方法】 Yahoo!かんたん決済r【支払い代金】 落札価格 ＋ 送料
　※ 銀行振込希望の方は、Yahoo!かんたん決済の銀行振り込みをご利用ください。
　※ 直接の銀行振込みは、お断りしております。

◆発送詳細
【送料】 ★ 全国一律料金 ★
【発送までの日数】 お支払い完了後 1～2日で発送いたします。
【配送業者】 主にヤマト運輸、日本郵便、佐川急便から発送いたします。また別の業者を使うこともあります。

◆注意事項 ★必ずご確認ください★
・質問、メッセージの回答は夜になることが多いです。
・手渡しは対応しておりません。
・商品によって業者を変えるため【センター留め】【郵便局留め】は対応できません。
・領収書の同梱は対応しておりません。
・まとめて取引は、トラブルが多いためお断りしております。
・不具合以外での返品・交換は対応しておりません。
・Yahoo!かんたん決済の支払期限を過ぎた場合、落札者都合のキャンセルをいたします。","2290","2490","100","780"
"車＆バイク ? カーパーツ ? 外装・エアロパーツ ? ガーニッシュ","ZIANトヨタ車用C-HRCHR全グレード対応リアバンパーリフレクターリアバンパーセンター部TOYOTA車部品カスタムカーパーツ外装ドレスアップ1Pプロテクターカバー車種専用設計高耐食サビに強い(レッド)","◆適合車種：トヨタC-HRZYX10NGX50、年式：H28.12～


◆セット内容：リアバンパーレンズ*1P


◆材質：PC　、カラー：レッド


付属の両面テープで簡単にカスタム可能な車のパーツです




◆支払詳細
【お支払い方法】 Yahoo!かんたん決済r【支払い代金】 落札価格 ＋ 送料
　※ 銀行振込希望の方は、Yahoo!かんたん決済の銀行振り込みをご利用ください。
　※ 直接の銀行振込みは、お断りしております。

◆発送詳細
【送料】 ★ 全国一律料金 ★
【発送までの日数】 お支払い完了後 1～2日で発送いたします。
【配送業者】 主にヤマト運輸、日本郵便、佐川急便から発送いたします。また別の業者を使うこともあります。

◆注意事項 ★必ずご確認ください★
・質問、メッセージの回答は夜になることが多いです。
・手渡しは対応しておりません。
・商品によって業者を変えるため【センター留め】【郵便局留め】は対応できません。
・領収書の同梱は対応しておりません。
・まとめて取引は、トラブルが多いためお断りしております。
・不具合以外での返品・交換は対応しておりません。
・Yahoo!かんたん決済の支払期限を過ぎた場合、落札者都合のキャンセルをいたします。","1099","1299","100","780"